famille,categorie,champ_source,extrait,auteur,precisions_auteur,ancienne_attribution,titre,denomination,domaine,musee,ville,reference,lien_pop,verdict,commentaire
? (point d'interrogation),doute,Auteur,"Collignon François (1610-1671) (graveur, ?);Callot Jacques (1592-1635) (d'après)","Collignon François (1610-1671) (graveur, ?);Callot Jacques (1592-1635) (d'après)","Collignon François : Nancy, 1610 ; Rome, 1671 ; nationalité : Française#Callot Jacques : Nancy, 1592 ; Nancy, 1635",,La Brouette,,estampe,musée des beaux-arts,Caen,06570019282,https://pop.culture.gouv.fr/notice/joconde/06570019282,,
? (point d'interrogation),doute,Auteur,USINE DU MONTET (fabricant) (?),USINE DU MONTET (fabricant) (?),"1811 ; 1976 ; Antoine Laujorrois démarre dès 1811 la vente de creusets réfractaires et de poterie de grès fin puis, s'associe à Ruault en 1827 avant de céder l'entreprise à Emmanuel Pajot en 1852. L'usine du Montet se spécialise alors dans la production de grès utilitaires avant de se tourner vers la production de céramique funéraire, ornementale ou de vaisselle de faïence suite au rachat de l'usine par Jean Bordelais en 1927 qu'il dirige jusqu'à son décès en 1967 (son épouse lui succède à la direction). Jusqu'à la fermeture de l'usine en 1976, l'entreprise tente une adpatation permanente au marché en renouvellant ses productions.",,,bocal,céramique;vie domestique,écomusée de la communauté Le Creusot - Monceau-les-Mines,Le Creusot,M0170004796,https://pop.culture.gouv.fr/notice/joconde/M0170004796,,
? (point d'interrogation),doute,Auteur,"PASSE Crispin I Van de (?, graveur, inventeur, d'après);PASSE Crispin II Van de (?, graveur, in…","PASSE Crispin I Van de (?, graveur, inventeur, d'après);PASSE Crispin II Van de (?, graveur, inventeur, d'après)",,,Philémon et Baucis,,estampe,musée des beaux-arts,Orléans,02860008246,https://pop.culture.gouv.fr/notice/joconde/02860008246,,
? (point d'interrogation),doute,Auteur,Dailland Louis (?);Dailland G (?);Dailland E (?),Dailland Louis (?);Dailland G (?);Dailland E (?),,,Store réclame (titre factice),tableau,peinture;ethnologie,musée des civilisations de l'Europe et de la Méditerranée,Marseille,5002P000262,https://pop.culture.gouv.fr/notice/joconde/5002P000262,,
? (point d'interrogation),doute,Auteur,PICOT Hippolyte (?),PICOT Hippolyte (?),,,"Château de Henri IV à Pau, d'après nature",,dessin,musée national du château de Pau,Pau,50170000122,https://pop.culture.gouv.fr/notice/joconde/50170000122,,
? (point d'interrogation),doute,Auteur,"OUDRY Jean-Baptiste (attribué, ?)","OUDRY Jean-Baptiste (attribué, ?)","Paris, 1686 ; Paris, 1755 ; attribution incertaine",,Chien-barbet chassant des canards sauvages,tableau,peinture,musée national du château de Fontainebleau,Fontainebleau,50130000371,https://pop.culture.gouv.fr/notice/joconde/50130000371,,
? (point d'interrogation),doute,Auteur,HUGO Charles (?);VACQUERIE Auguste (?),HUGO Charles (?);VACQUERIE Auguste (?),,,"Guernesey, le château Cornet",tirage photographique,photographie,musée d'Orsay,Paris,M5060000259,https://pop.culture.gouv.fr/notice/joconde/M5060000259,,
? (point d'interrogation),doute,Auteur,"anonyme;DAVIN Auguste (?, sculpteur, d'après);LEVY & NEURDEIN REUNIS (imprimeur, édit…","anonyme;DAVIN Auguste (?, sculpteur, d'après);LEVY & NEURDEIN REUNIS (imprimeur, éditeur)","DAVIN Auguste : Saint-Michel-en-Beaumont, Isère 1866 - Grenoble 1937",,2211- ALLEVARD-LES-BAINS / Monument aux Morts (Davin stat) (titre inscrit),carte postale;timbre,vie militaire;photographie;philatélie,musée municipal,Nuits-Saint-Georges,M0144000971,https://pop.culture.gouv.fr/notice/joconde/M0144000971,,
? (point d'interrogation),doute,Auteur,RASKIN Marcel (?);OLLIVIER Michel Barthélémy (d'après),RASKIN Marcel (?);OLLIVIER Michel Barthélémy (d'après),"Raskin : 20e siècle ; Ollivier : Marseille, 1712 ; Paris, 1784",,"L'Hallali devant le château de L'Isle-Adam d'après Michel Barthélémy Ollivier, copie inachevée de Raskin",,dessin,musée d'Art et d'Histoire Louis Senlecq,L'Isle-Adam,M0435001411,https://pop.culture.gouv.fr/notice/joconde/M0435001411,,
? (point d'interrogation),doute,Auteur,CALDARA Polidoro (? );POLIDORO DA CARAVAGGIO (dit),CALDARA Polidoro (? );POLIDORO DA CARAVAGGIO (dit),"Caravaggio, 1490-1500 ; Messine, 1543",,La Vendange,,dessin,musée Condé,Chantilly,50520000006,https://pop.culture.gouv.fr/notice/joconde/50520000006,,
? (point d'interrogation),doute,Auteur,CARLIER F (?) (modeleur);Grande Tuilerie de Bourgogne…,CARLIER F (?) (modeleur);Grande Tuilerie de Bourgogne (?) (fabricant),"Grande tuilerie de Bourgogne : 1861 ; 1967 ; En 1860, Charles Avril devient actionnaire de la tuilerie Georges et Compagnie située à Montchanin et créée en 1858 puis en devient propriétaire quelques années plus tard. En 1879, il fonde la Société Anonyme de la Grande Tuilerie de Bourgogne et développe rapidement un processus de fabrication et de manutention très mécanisé, en installant notamment des fours continus vers 1900. L'usine fusionne en 1938 avec la Société des grandes tuileries bourguignonnes de Chagny (Société des grandes tuileries de Bourgogne Chagny-Montchanin) elle-même absorbée par la société Lambert Frères en 1963. La tuilerie de Montchanin ferme ses portes en 1967.",,Enfant jouant,groupe relié,céramique;artisanat - industrie;sculpture,écomusée de la communauté Le Creusot-Monceau-les-Mines,Le Creusot,M0170002287,https://pop.culture.gouv.fr/notice/joconde/M0170002287,,
? (point d'interrogation),doute,Auteur,"GUILLIBAUD (?, atelier)","GUILLIBAUD (?, atelier)",,,,assiette,céramique,musée des beaux-arts,Rouen,07290007985,https://pop.culture.gouv.fr/notice/joconde/07290007985,,
? (point d'interrogation),doute,Auteur,DUTHOIT Aimé (?);DUTHOIT Louis (?),DUTHOIT Aimé (?);DUTHOIT Louis (?),"DUTHOIT Aimé : Amiens, 1803/11/24 ; Amiens, 1869/02/20 ;#DUTHOIT Louis : Amiens, 1807/04/15 ; Amiens, 1874/12/30 ; Les deux attributions sont plausibles",,Amiens : la place Périgord ; Amiens : place Périgord,,dessin,musée de Picardie,Amiens,08120003800,https://pop.culture.gouv.fr/notice/joconde/08120003800,,
? (point d'interrogation),doute,Auteur,"GUIDO di Pietro (?);GUIDO di Pietro;ANGELICO FRA (dit, ?)","GUIDO di Pietro (?);GUIDO di Pietro;ANGELICO FRA (dit, ?)","Vicchio di Mugello, vers 1400 ; Rome, 1455","ANGELICO FRA, ATELIER (BERENSON) ; SANGUIGNI, ? (POPE-HENNESSY)",La décollation de saint Jean Baptiste et le banquet d'Hérode,élément d'ensemble;retable;prédelle,peinture;croyances - coutumes,musée du Louvre,Paris,000PE024631,https://pop.culture.gouv.fr/notice/joconde/000PE024631,,
? (point d'interrogation),doute,Auteur,LA BELLE JARDINIERE (?),LA BELLE JARDINIERE (?),,,,pantalon (élément d'ensemble);habit,costume - accessoires du costume;ethnologie,musée municipal,Vendôme,M0277002599,https://pop.culture.gouv.fr/notice/joconde/M0277002599,,
école de,doute,Auteur,BRUEGHEL Jan I (école),BRUEGHEL Jan I (école),"Bruxelles, 1568 ; Anvers, 1625",ancienne attribution : BRUEGEL Jan I,"Route animée de figures, sur une hauteur d'où l'on voit une plaine étendue",,dessin,musée du Louvre,Paris,50350109896,https://pop.culture.gouv.fr/notice/joconde/50350109896,,
école de,doute,Auteur,ECOLE DE PRIMATICCIO;ECOLE DE FONTAINEBLEAU,ECOLE DE PRIMATICCIO;ECOLE DE FONTAINEBLEAU,,ancienne attribution : INCONNU,"Un enfant debout, nu, deux bras relevés",,dessin,musée du Louvre,Paris,50350005839,https://pop.culture.gouv.fr/notice/joconde/50350005839,,
école de,doute,Auteur,POLLAIUOLO Antonio (école),POLLAIUOLO Antonio (école),né entre 1431-1432 ; mort en 1498,,"Jeune apprenti florentin, assis de trois-quarts vers la droite",album,dessin,musée du Louvre,Paris,50350215471,https://pop.culture.gouv.fr/notice/joconde/50350215471,,
école de,doute,Auteur,ECOLE DE FONTAINEBLEAU (verrier);COXCIE Michel (d…,"ECOLE DE FONTAINEBLEAU (verrier);COXCIE Michel (d'après, attribué à);MAITRE AU DE (d'après)","COXCIE : Malines, 1499 ; Malines, 1592 ; nationalité : Flamande#maître au dé :  ?, 1512, vers ; Rome, 1570 ; nationalité : Italienne",,Histoire de Psyché (44) : Psyché trie les un amas de graines,verrière;élément d'ensemble,vitrail;arts décoratifs;architecture,musée Condé,Chantilly,50520005241,https://pop.culture.gouv.fr/notice/joconde/50520005241,,
école de,doute,Auteur,ABBATE Nicolo dell' (école),ABBATE Nicolo dell' (école),"Modène, vers 1509 ou 1512 ; Fontainebleau ou Paris, 1571 (?)",CARON ANTOINE (EHRMANN EN 1945),MASSACRE DU TRIUMVIRAT,tableau,peinture;histoire,MUDO - musée de l'Oise,Beauvais,000PE026529,https://pop.culture.gouv.fr/notice/joconde/000PE026529,,
école de,doute,Auteur,BONACCORSI Piero (école),BONACCORSI Piero (école),né en 1501 ; mort en 1547,ancienne attribution : ANONYME ITALIEN XVIe s,Diverses études dont un soldat arrachant un enfant à une femme,,dessin,musée du Louvre,Paris,50350200711,https://pop.culture.gouv.fr/notice/joconde/50350200711,,
école de,doute,Auteur,"POURBUS Frans II;POURBUS le Jeune (dit, école)","POURBUS Frans II;POURBUS le Jeune (dit, école)","Anvers, 1569-1570 ; Paris, 1622)",,PERSONNAGE HOLLANDAIS DE LA FIN DU XVIE SIECLE,tableau,peinture,musée national des châteaux de Versailles et de Trianon,Versailles,000PE013045,https://pop.culture.gouv.fr/notice/joconde/000PE013045,,
école de,doute,Auteur,Rubens Petrus Paulus (1577-1640) (école),Rubens Petrus Paulus (1577-1640) (école),né en 1577 ; mort en 1640,"Copie d'après, RUBENS Peter Paulus",Chute de saint Paul,,dessin,musée du Louvre,Paris,50350110501,https://pop.culture.gouv.fr/notice/joconde/50350110501,,
école de,doute,Auteur,ALBERTI Giovanni (école),ALBERTI Giovanni (école),né en 1558 ; mort en 1601,ancienne attribution : ANONYME ITALIEN XVIIe s,"Putti volant, portant l'écu couronné et les boules des Médicis",,dessin,musée du Louvre,Paris,50350104704,https://pop.culture.gouv.fr/notice/joconde/50350104704,,
école de,doute,Ecole_pays,Abstraction;Nouvelle Ecole de Paris,Bissière Roger (1886-1964);Atelier Leblanc,"Bissière Roger : Villeréal, 22/09/1886 ; Marmignac, 02/12/1964 ; nationalité : Française",,Bleue,,estampe;art contemporain,musées de la Cour d'or,Metz,05290000264,https://pop.culture.gouv.fr/notice/joconde/05290000264,,
école de,doute,Auteur,RENI Guido (école);anonyme,RENI Guido (école);anonyme,né en 1575 ; mort en 1642,,Deux angelots dans les nuages,,dessin,musée du Louvre,Paris,50350006041,https://pop.culture.gouv.fr/notice/joconde/50350006041,,
école de,doute,Auteur,CARRUCCI Jacopo (école);PONTORMO IL (dit),CARRUCCI Jacopo (école);PONTORMO IL (dit),"Pontormo, 1494 ; Florence, 1557",,VIERGE A L'ENFANT,tableau,peinture,musée de la Chartreuse,Douai,00000060730,https://pop.culture.gouv.fr/notice/joconde/00000060730,,
école de,doute,Auteur,DUGHET Gaspard (école);anonyme,DUGHET Gaspard (école);anonyme,né en 1615 ; mort en 1675,,Paysage avec un homme guidant un âne sur lequel une femme est assise,,dessin,musée du Louvre,Paris,50350100251,https://pop.culture.gouv.fr/notice/joconde/50350100251,,
école de,doute,Auteur,LE BRUN Charles (école),LE BRUN Charles (école),né en 1619 ; mort en 1690,,"Homme demi-nu, de profil, marchant vers la droite",,dessin,musée du Louvre,Paris,50350208157,https://pop.culture.gouv.fr/notice/joconde/50350208157,,
école de,doute,Auteur,LE BRUN Charles (école),LE BRUN Charles (école),né en 1619 ; mort en 1690,,"Plan de l'appartement du roi, à Versailles",,dessin;cartes - plans,musée du Louvre,Paris,50350208073,https://pop.culture.gouv.fr/notice/joconde/50350208073,,
atelier (qualificatif de doute),doute,Auteur,Vignier Henri (atelier),Vignier Henri (atelier),"Entre 1853 et 1868, Henri Vignier est installé 16 rue Jean-Jacques Rousseau à Paris",,,pot à pharmacie;couvercle,céramique;hygiène - médecine - santé;ethnologie,musée de la vie bourguignonne,Dijon,01390002758,https://pop.culture.gouv.fr/notice/joconde/01390002758,,
atelier (qualificatif de doute),doute,Auteur,MARATTI Carlo (atelier),MARATTI Carlo (atelier),né en 1625 ; mort en 1713,attribué à : MARATTI Carlo,"Un homme nu bras croisés sur la poitrine, tête inclinée sur l'épaule",,dessin,musée du Louvre,Paris,50350100629,https://pop.culture.gouv.fr/notice/joconde/50350100629,,
atelier (qualificatif de doute),doute,Auteur,BARNABA DA MODENA (atelier),BARNABA DA MODENA (atelier),,"GIOTTO, ECOLE DE (CAMPANA, CORNU) ; VOLTRI NICOLLO DA, ? (PERDRIZET-JEAN, LACLOTTE)","LA VIERGE ET L'ENFANT, ENTRE SAINT JEAN-BAPTISTE ET SAINT MICHEL",tableau (3);retable à panneaux compartimentés,peinture;croyances - coutumes,musée du Petit Palais,Avignon,000PE012486,https://pop.culture.gouv.fr/notice/joconde/000PE012486,,
atelier (qualificatif de doute),doute,Auteur,BUQUET (atelier),BUQUET (atelier),,,Napoléon à Sainte-Hélène,,dessin,musée des Traditions et Arts Normands,Martainville-Epreville,07250016040,https://pop.culture.gouv.fr/notice/joconde/07250016040,,
atelier (qualificatif de doute),doute,Auteur,VAUCANSON (ateliers),VAUCANSON (ateliers),"VAUCANSON (ateliers) : Février 1914 : Fondation de la société Vaucanson, du nom d'un grand inventeur d'automates mécaniques du XVIIIe siècle, elle prend la suite de la maison Lamazière et Bunzli à Blesdal (lieu dit de la commune de Saint-Aubin-le-Cauf) 1917 : Construction de nouveaux ateliers de 4800 m2au cour de la commune. Une cité ouvrière est construite le long de la rue qui borde l'usine. De 1918 à 1955 : Fabrication d'enregistreurs Flaman ou ' mouchards de locomotive ', ainsi que des machines à calculer, des pièces pour l'automobile et les appareils cinématographiques. 1955 : La société Ericsson acquiert une place majoritaire dans l'entreprise. L'usine est agrandie et modernisée pour se lancer dans la fabrication d'appareils et de centraux téléphoniques. 1963 : L'entreprise emploie 680 personnes et produit 500 000 postes téléphoniques par an. Plusieurs maisons ouvrières sont construites dans l'avenue face à l'usine pour les employés et les cadres de l'entreprise. Années 1970 : près de 1200 employés et plusieurs millions d'appareils fabriqués chaque année dans l'entreprise. Milieu des années 1980 : premières difficultés financières. Rachat de l'entreprise par Thomson puis Alcatel. 1992 : fermeture de l'entreprise. Les bâtiments sont repris par la société Sonas Automotive. En mai 2009 : Sonas Automotive ets rachetée par le groupe Halberg Février 2010 : le groupe ADESNA (Atelier de découpe et d'emboutissage de Saint-Nicolas d'Aliermont) rachète Sonas.",,,fusée d'obus,sciences - techniques;vie militaire,musée de l'Horlogerie,Saint-Nicolas-d'Aliermont,07350001554,https://pop.culture.gouv.fr/notice/joconde/07350001554,,
atelier (qualificatif de doute),doute,Auteur,CLOUET François (atelier),CLOUET François (atelier),"Bruxelles, vers 1486 ; Paris, 1540",,Jeanne d'Halluin dame de Robertet baronne d'Alluye (née en 1530),,dessin,musée Condé,Chantilly,00000106816,https://pop.culture.gouv.fr/notice/joconde/00000106816,,
atelier (qualificatif de doute),doute,Auteur,HOFFMANN Nicolaus (atelier),HOFFMANN Nicolaus (atelier),"Darmstadt, 1740 ; Darmstadt, vers 1823",,"Forez, Béarn, Agenois",élément d'ensemble,dessin,musée franco-américain du château de Blérancourt,Blérancourt,000DE025384,https://pop.culture.gouv.fr/notice/joconde/000DE025384,,
atelier (qualificatif de doute),doute,Auteur,Corneille de Lyon (1500?-1575) (atelier),Corneille de Lyon (1500?-1575) (atelier),,"ECOLE FRANCAISE 1ERE MOITIE 16E SIECLE (BRIERE) ; PEINTRE DE RIEUX-CHATEAUNEUF, D'APRES (DIMIER II)","Jean d'Albon, seigneur de Saint-André (1472-1549), chambellan d'Anne de Bretagne en 1502, gouverneur de Henri de France (futur Henri II) en 1530",tableau,peinture,musée du Louvre,Paris,000PE000543,https://pop.culture.gouv.fr/notice/joconde/000PE000543,,
atelier (qualificatif de doute),doute,Auteur,PANNINI Giovanni Paolo (atelier),PANNINI Giovanni Paolo (atelier),"Plaisance, 1691 ; Rome, 1765",,Ruines,tableau,peinture,musée des Beaux-Arts,Valenciennes,06380000428,https://pop.culture.gouv.fr/notice/joconde/06380000428,,
atelier (qualificatif de doute),doute,Auteur,BERRUGUETE Alonso (atelier),BERRUGUETE Alonso (atelier),"né à Paredes de Nava, vers 1489 ; mort à Tolède en 1561 ; peintre et sculpteur, son oeuvre graphique se réduit à une dizaine de feuilles, dont les plus importantes sont conservées au musée des offices de Florence, et qui démontrent une maîtrise parfaite des techniques graphiques italiennes à la sanguine et à la plume souvent proches de Michel-Ange, auprès duquel il aurait reçu sa formation principale dès les années 1505-1506 (il serait le ' giovine spagnuolo ' cité par Michel-Ange en 1508 puis en 1512). Considéré depuis Longhi (1953) comme un peintre influent pour la formation du maniérisme italien, il est documenté à la fin de 1518 à Saragosse, où il apparaît comme le peintre de la cour de Charles Quint. A partir de cette date il a une intense activité surtout dans le domaine de la sculpture, menant d'abord une vie itinérante avant de se fixer à Valladolid où son influence fut considérable.","GIRALTE, Francisco ; BERRUGUETE, Alonso",Saint Thomas,,dessin,musée du Louvre,Paris,50350501398,https://pop.culture.gouv.fr/notice/joconde/50350501398,,
atelier (qualificatif de doute),doute,Auteur,anonyme;Giordano Luca (1632-1705) (atelier),anonyme;Giordano Luca (1632-1705) (atelier),"Giordano, Luca : Naples, 1634 ; Naples, 1705",,Saint François Xavier présidant la construction d'un édifice ; Construction d'un édifice sous la direction de saint François Xavier,,peinture,musée Granet,Aix-en-Provence,08940005176,https://pop.culture.gouv.fr/notice/joconde/08940005176,,
atelier (qualificatif de doute),doute,Auteur,BRUNEL Louis Raymond Henry (atelier),BRUNEL Louis Raymond Henry (atelier),"BRUNEL : Dieppe, 1818, 5 avril ; Dieppe (?), 1882, 26 avril ; nationalité : Française",,Reine,pion (élément);jeu d'échecs,jeux - jouets;ivoirerie,Château-musée,Dieppe,07120008972,https://pop.culture.gouv.fr/notice/joconde/07120008972,,
atelier (qualificatif de doute),doute,Auteur,JACQUEMIN Frères (atelier),JACQUEMIN Frères (atelier),,,,bague,costume - accessoires du costume;orfèvrerie;ethnologie,musées des pays de l'Ain,Bourg-en-Bresse,0964-004467,https://pop.culture.gouv.fr/notice/joconde/0964-004467,,
atelier (qualificatif de doute),doute,Auteur,FRANCKEN Frans II (atelier);FRANCKEN le Jeune,FRANCKEN Frans II (atelier);FRANCKEN le Jeune,"Anvers, 1581 ; Anvers, 1642",,La mort d'Adonis,tableau,peinture;beaux-arts,musée des Beaux-Arts,Nantes,07430006982,https://pop.culture.gouv.fr/notice/joconde/07430006982,,
atelier (qualificatif de doute),doute,Auteur,Dailland E (atelier),Dailland E (atelier),"atelier de décorateurs de boutiques, fondé à Paris en 1880 et actif jusqu'en 1972",,Projet de store d'église (titre factice),store,peinture;ethnologie,musée des civilisations de l'Europe et de la Méditerranée,Marseille,5002P000269,https://pop.culture.gouv.fr/notice/joconde/5002P000269,,
atelier (qualificatif de doute),doute,Auteur,CLOUET François (atelier),CLOUET François (atelier),"CLOUET : Tours, 1515 vers ; Paris, 1572 ; nationalité : Française",,"Jacqueline de Rohan, marquise de Rothelin (1520-1586)",,dessin,musée Condé,Chantilly,50520001431,https://pop.culture.gouv.fr/notice/joconde/50520001431,,
atelier (qualificatif de doute),doute,Auteur,MINELLE (atelier),MINELLE (atelier),,,,carte-échantillon;cure-ongles;cure-oreilles;lime,tabletterie;ethnologie,musée de la nacre et de la tabletterie,Méru,M1117002454,https://pop.culture.gouv.fr/notice/joconde/M1117002454,,
atelier (qualificatif de doute),doute,Auteur,"VOGELAER Karel Van;DISTELBLOOM (dit);CARLO DEI FIORI (dit, atelier)","VOGELAER Karel Van;DISTELBLOOM (dit);CARLO DEI FIORI (dit, atelier)","Maestricht, 1653 ; Rome, 1695",,La Vierge dans une guirlande de fleurs,tableau,peinture,musée des beaux-arts,Rennes,00000096489,https://pop.culture.gouv.fr/notice/joconde/00000096489,,
atelier (qualificatif de doute),doute,Auteur,"BEERT Osias I (atelier, peintre)","BEERT Osias I (atelier, peintre)","BEERT : Anvers, 1580 ; Anvers, 1624",,"Nature morte aux raisins, grenades et abricots",tableau,peinture,musée des beaux-arts,Caen,06570008168,https://pop.culture.gouv.fr/notice/joconde/06570008168,,
atelier (qualificatif de doute),doute,Auteur,POUSSIN Nicolas (atelier),POUSSIN Nicolas (atelier),né en 1594 ; mort en 1665,,Six études de têtes casquées et une étude de femme à mi-corps...,,dessin,musée du Louvre,Paris,50350037169,https://pop.culture.gouv.fr/notice/joconde/50350037169,,
Atelier de X en nom d'auteur (écarté),ecarte,Auteur,ATELIER DE RAPHAEL (d'après);anonyme,ATELIER DE RAPHAEL (d'après);anonyme,,"Copie d'après, SANTI Raffaello",Le Massacre des Innocents,,dessin,musée du Louvre,Paris,50350101168,https://pop.culture.gouv.fr/notice/joconde/50350101168,,
Atelier de X en nom d'auteur (écarté),ecarte,Auteur,ATELIER DE ROME (atelier),ATELIER DE ROME (atelier),,,,antoninianus,archéologie;numismatique;gallo-romain,musée des antiquités gallo-romaines,Aoste,09900000074,https://pop.culture.gouv.fr/notice/joconde/09900000074,,
Atelier de X en nom d'auteur (écarté),ecarte,Auteur,Atelier de la vallée de l'Allier,Atelier de la vallée de l'Allier,"Atelier de la vallée de l'Allier : céramiste, style",,Vénus,figurine;ex-voto,archéologie;sculpture;gallo-romain,musée Rolin,Autun,01610011084,https://pop.culture.gouv.fr/notice/joconde/01610011084,,
Atelier de X en nom d'auteur (écarté),ecarte,Auteur,ATELIER DE RAPHAEL (d'après);anonyme,ATELIER DE RAPHAEL (d'après);anonyme,,école de SANTI Raffaello,Grotesques,,dessin,musée du Louvre,Paris,50350101586,https://pop.culture.gouv.fr/notice/joconde/50350101586,,
Atelier de X en nom d'auteur (écarté),ecarte,Auteur,Atelier de la vallée de l'Allier,Atelier de la vallée de l'Allier,"Atelier de la vallée de l'Allier : céramiste, style",,Déesse-mère,figurine;fragment;ex-voto,archéologie;sculpture;gallo-romain,musée Rolin,Autun,01610011053,https://pop.culture.gouv.fr/notice/joconde/01610011053,,
Atelier de X en nom d'auteur (écarté),ecarte,Auteur,Atelier de Pistillus,Atelier de Pistillus,"Atelier de Pistillus : céramiste ; Autun, 1er siècle ; Autun, 2e siècle",,Pigeon,figurine,archéologie;sculpture;gallo-romain;céramique,musée Rolin,Autun,01610008948,https://pop.culture.gouv.fr/notice/joconde/01610008948,,
Atelier de X en nom d'auteur (écarté),ecarte,Auteur,Atelier de Pistillus,Atelier de Pistillus,"Atelier de Pistillus : céramiste, style ; Autun, Ier siècle ; Autun, IIe siècle",,Coq,figurine;fragment;ex-voto,archéologie;gallo-romain;sculpture,musée Rolin,Autun,01610013602,https://pop.culture.gouv.fr/notice/joconde/01610013602,,
Atelier de X en nom d'auteur (écarté),ecarte,Auteur,Atelier de Pistillus,Atelier de Pistillus,"Atelier de Pistillus : céramiste, style",,Buste d'enfant,figurine;fragment;ex-voto,archéologie;sculpture;gallo-romain,musée Rolin,Autun,01610011020,https://pop.culture.gouv.fr/notice/joconde/01610011020,,
Atelier de X en nom d'auteur (écarté),ecarte,Auteur,ATELIER DE RAPHAEL (d'après);anonyme,ATELIER DE RAPHAEL (d'après);anonyme,,"Copie d'après, SANTI Raffaello",Salomon et la reine de Saba,,dessin,musée du Louvre,Paris,50350500784,https://pop.culture.gouv.fr/notice/joconde/50350500784,,
Atelier de X en nom d'auteur (écarté),ecarte,Auteur,Atelier de Pistillus,Atelier de Pistillus,"Atelier de Pistillus : céramiste, style",,Tête d'enfant,figurine,archéologie;gallo-romain;sculpture,musée Rolin,Autun,01610013581,https://pop.culture.gouv.fr/notice/joconde/01610013581,,
Atelier de X en nom d'auteur (écarté),ecarte,Auteur,Méaulle Fortuné Louis (1844-1901);Hugo Victor (1802-1885);Imprimerie P. Mouillot (-);Ateliers de reproductions artistiqu,Méaulle Fortuné Louis (1844-1901);Hugo Victor (1802-1885);Imprimerie P. Mouillot (-);Ateliers de reproductions artistiques (-),,,"La Pieuvre; Dessins de Victor Hugo, Les Travailleurs de la Mer. Gravures de F. Méaulle imprimées par Mouillot. Paris Ateliers de Reproductions artistiques, 1882.",estampe,estampe;arts graphiques,maison de Victor Hugo,Paris,M1114240012324,https://pop.culture.gouv.fr/notice/joconde/M1114240012324,,
Atelier de X en nom d'auteur (écarté),ecarte,Auteur,ATELIER DU CENTRE DE LA GAULE (céramiste),ATELIER DU CENTRE DE LA GAULE (céramiste),,,,gobelet,archéologie;céramique,musée Rolin,Autun,01610009390,https://pop.culture.gouv.fr/notice/joconde/01610009390,,
Atelier de X en nom d'auteur (écarté),ecarte,Auteur,ATELIER DE LYON (atelier),ATELIER DE LYON (atelier),,,follis de Constantin Ier,pièce de monnaie;follis,archéologie;gallo-romain;numismatique;commerce - économie - finances;croyances - coutumes,"ARCHÉA, Archéologie en Pays de France",Louvres,M0436032718,https://pop.culture.gouv.fr/notice/joconde/M0436032718,,
Atelier de X en nom d'auteur (écarté),ecarte,Auteur,Méaulle Fortuné Louis (1844-1901);Hugo Victor (1802-1885);Imprimerie P. Mouillot (-);Ateliers de reproductions artistiqu,Méaulle Fortuné Louis (1844-1901);Hugo Victor (1802-1885);Imprimerie P. Mouillot (-);Ateliers de reproductions artistiques (-),,,"Guernesey. Ruines de la tour; Dessins de Victor Hugo, Les Travailleurs de la Mer. Gravures de F. Méaulle imprimées par Mouillot. Paris Ateliers de Reproductions artistiques, 1882.",estampe,estampe;arts graphiques,maison de Victor Hugo,Paris,M1114240012312,https://pop.culture.gouv.fr/notice/joconde/M1114240012312,,
Atelier de X en nom d'auteur (écarté),ecarte,Auteur,atelier de céramique;anonyme,atelier de céramique;anonyme,,,,plat,arts décoratifs;céramique,musée des arts décoratifs et du design,Bordeaux,00660019837,https://pop.culture.gouv.fr/notice/joconde/00660019837,,
