reference_joconde,titre_joconde,artiste,musee,numero_inventaire,etat,titre_gallica,ark,licence,source,raisons
M0537000075,HISTOIRE DE L'ENFANT PRODIGUE (titre inscrit),charles-eugene-ensfelder,musée de l'image,D 996.1.42 B,refusee,,,,Gallica (BnF),dates incompatibles (1888 / 1843)
M0537043907,LA MAUVAISE SAISON (titre inscrit),charles-eugene-ensfelder,musée de l'image,2010.5.2846 B,refusee,,,,Gallica (BnF),le musée conserve 3 notices de ce titre : l'exemplaire visé serait indéterminé
M0537043666,HISTOIRE DE LA BELLE ET LA BÊTE (titre inscrit),charles-eugene-ensfelder,musée de l'image,2010.5.2650 B,refusee,,,,Gallica (BnF),le musée conserve 5 notices de ce titre : l'exemplaire visé serait indéterminé
M0537043784,HISTOIRE DE ROBIN ET GENTIL (titre inscrit),charles-eugene-ensfelder,musée de l'image,2010.5.2748 B,refusee,,,,Gallica (BnF),le musée conserve 4 notices de ce titre : l'exemplaire visé serait indéterminé
M0537027523,"DE WONDERBARE VISCHVANGST (titre inscrit, néerl.) ;  LA PÊCHE MIRACULEUSE (titre factice)",charles-eugene-ensfelder,musée de l'image,990.1.2129 B ; VII / B 68,introuvable,,,,Gallica (BnF),aucune notice Gallica pour ce titre
M0537006094,LES MERVEILLEUSES BOTTES DE SEPT LIEUES. (titre inscrit),charles-eugene-ensfelder,musée de l'image,D 996.1.5968 B,introuvable,,,,Gallica (BnF),aucune notice Gallica pour ce titre
M0537027480,"Geschiedenis van de Deerne en het Ondier (titre inscrit, néerl.) ; La Belle et la Bête. (titre factice)",charles-eugene-ensfelder,musée de l'image,990.1.2084 B ; VII / B 23,introuvable,,,,Gallica (BnF),aucune notice Gallica pour ce titre
M0537043779,HISTOIRE DE ROBIN ET GENTIL (titre inscrit),charles-eugene-ensfelder,musée de l'image,2010.5.2747 B,refusee,,,,Gallica (BnF),le musée conserve 4 notices de ce titre : l'exemplaire visé serait indéterminé
M0537006060,LA VISITE A LÉONORE. (titre inscrit),charles-eugene-ensfelder,musée de l'image,D 996.1.5934 B,introuvable,,,,Gallica (BnF),aucune notice Gallica pour ce titre
M0537027464,"GESCHIEDENIS VAN EEN EZEL (titre inscrit, néerl.) ; L’histoire d’un âne. (titre factice)",charles-eugene-ensfelder,musée de l'image,990.1.2067 B ; VII / B 6,introuvable,,,,Gallica (BnF),aucune notice Gallica pour ce titre
M0537017952,HISTOIRE DE ROBIN ET GENTIL  (titre inscrit),charles-eugene-ensfelder,musée de l'image,990.1.1441 B ; VI / 157,refusee,,,,Gallica (BnF),le musée conserve 4 notices de ce titre : l'exemplaire visé serait indéterminé
M0537043663,HISTOIRE DE LA BELLE ET LA BÊTE (titre inscrit),charles-eugene-ensfelder,musée de l'image,2010.5.2647 B,refusee,,,,Gallica (BnF),le musée conserve 5 notices de ce titre : l'exemplaire visé serait indéterminé
M0537006045,"MARIE, L'AMIE DES OISEAUX ET DES PAUVRES. (titre inscrit)",charles-eugene-ensfelder,musée de l'image,D 996.1.5919 B,introuvable,,,,Gallica (BnF),aucune notice Gallica pour ce titre
M0537017989,LA MAUVAISE SAISON. (titre inscrit),charles-eugene-ensfelder,musée de l'image,990.1.1478 B ; VI / 194,refusee,,,,Gallica (BnF),le musée conserve 3 notices de ce titre : l'exemplaire visé serait indéterminé
M0537029149,"LE LOUP, / LA CHÈVRE & SES BIQUETS. (titre inscrit)",charles-eugene-ensfelder,musée de l'image,990.1.2861 Alb ; Alb / H 6,introuvable,,,,Gallica (BnF),aucune notice Gallica pour ce titre
M0537004101,LA MAUVAISE SAISON. (titre inscrit),charles-eugene-ensfelder,musée de l'image,D 996.1.3936 B,refusee,,,,Gallica (BnF),le musée conserve 3 notices de ce titre : l'exemplaire visé serait indéterminé
M0537006065,LES VACANCES DE LOUISE ET DE LUCIE. (titre inscrit),charles-eugene-ensfelder,musée de l'image,D 996.1.5939 B,introuvable,,,,Gallica (BnF),aucune notice Gallica pour ce titre
M0537006109,FREDERIC ET EDOUARD / Ou le bon et le mauvais écoliers. (titre inscrit),charles-eugene-ensfelder,musée de l'image,D 996.1.5983 B,introuvable,,,,Gallica (BnF),aucune notice Gallica pour ce titre
M0537017283,LES OCCUPATIONS DES PETITES FILLES (titre inscrit),charles-eugene-ensfelder,musée de l'image,990.1.719 B ; IV / 201,introuvable,,,,Gallica (BnF),aucune notice Gallica pour ce titre
M0537017776,HISTOIRE DE LA BELLE ET LA BETE. (titre inscrit),charles-eugene-ensfelder,musée de l'image,990.1.1405 B ; VI / 122,refusee,,,,Gallica (BnF),le musée conserve 5 notices de ce titre : l'exemplaire visé serait indéterminé
M0537027470,"GESCHIEDNIS VAN WILLIAM TELL (titre inscrit, néerl.) ; L’histoire de Guillaume Tell (titre factice)",charles-eugene-ensfelder,musée de l'image,990.1.2074 B ; VII / B 13,introuvable,,,,Gallica (BnF),aucune notice Gallica pour ce titre
M0537043832,LA VIE ET LES TRAVAUX DE LA CAMPAGNE / L'ÉTÉ et L'AUTOMNE (Suite) (titre inscrit),charles-eugene-ensfelder,musée de l'image,2010.5.2776 B,refusee,,,,Gallica (BnF),le musée conserve 2 notices de ce titre : l'exemplaire visé serait indéterminé
M0537006053,HISTOIRE D'UN ANE. (titre inscrit),charles-eugene-ensfelder,musée de l'image,D 996.1.5927 B,refusee,,,,Gallica (BnF),le titre ne se retrouve pas dans la notice Gallica
M0537022204,HISTOIRE DE ROBIN ET GENTIL  (titre inscrit),charles-eugene-ensfelder,musée de l'image,2005.17.78 B,refusee,,,,Gallica (BnF),le musée conserve 4 notices de ce titre : l'exemplaire visé serait indéterminé
M0537043665,HISTOIRE DE LA BELLE ET LA BÊTE (titre inscrit),charles-eugene-ensfelder,musée de l'image,2010.5.2649 B,refusee,,,,Gallica (BnF),le musée conserve 5 notices de ce titre : l'exemplaire visé serait indéterminé
M0537020025,LEGENDE DE SAINT ELOI (titre inscrit),charles-eugene-ensfelder,musée de l'image,990.1.66 B ; I / 66,refusee,,,,Gallica (BnF),dates incompatibles (1921 / 1891)
M0537043662,HISTOIRE DE LA BELLE ET LA BÊTE (titre inscrit),charles-eugene-ensfelder,musée de l'image,2010.5.2646 B,refusee,,,,Gallica (BnF),le musée conserve 5 notices de ce titre : l'exemplaire visé serait indéterminé
M0537006051,LA PÊCHE MIRACULEUSE. (titre inscrit),charles-eugene-ensfelder,musée de l'image,D 996.1.5925 B,refusee,,,,Gallica (BnF),l'éditeur Pellerin n'est pas nommé côté Gallica ; dates incompatibles (1888 / 1945)
M0537027534,"GESCHIEDENIS VAN RIK MET DE KUIF (titre inscrit, néerl.) ; histoire de Riquet à la Houppe (titre factice)",charles-eugene-ensfelder,musée de l'image,990.1.2140 B ; VII / B 79,introuvable,,,,Gallica (BnF),aucune notice Gallica pour ce titre
M0537027495,"DE KATER EN DE JONGE MUSSCHEN (titre inscrit, néerl.) ; le chat et les jeunes moineaux (titre factice)",charles-eugene-ensfelder,musée de l'image,990.1.2100 B ; VII / B 39,introuvable,,,,Gallica (BnF),aucune notice Gallica pour ce titre
M0537017306,LA VIE ET LES TRAVAUX DE LA CAMPAGNE / L’ETE et L’AUTOMNE (suite) (titre inscrit),charles-eugene-ensfelder,musée de l'image,990.1.717 B ; IV / 199,refusee,,,,Gallica (BnF),le musée conserve 2 notices de ce titre : l'exemplaire visé serait indéterminé
M0537006217,VIVE LE VÉLOCIPÈDE. / Nouveaux vélocipèdes dits de Société (brevet d'invention). (titre inscrit),charles-eugene-ensfelder,musée de l'image,D 996.1.6092 B,introuvable,,,,Gallica (BnF),aucune notice Gallica pour ce titre
M0537017512,Le Bon et le Mauvais Chemin (titre inscrit),charles-eugene-ensfelder,musée de l'image,990.1.1039 B ; V / 141,introuvable,,,,Gallica (BnF),aucune notice Gallica pour ce titre
M0537007970,PIRAME ET THISBE. N°.883. (titre inscrit),charles-francois-pinot,musée de l'image,D 996.1.7867 B,refusee,,,,Gallica (BnF),le musée conserve 4 notices de ce titre : l'exemplaire visé serait indéterminé
M0537017582,PIRAME ET THISBE (titre inscrit),charles-francois-pinot,musée de l'image,990.1.1277 B ; VI / 2,refusee,,,,Gallica (BnF),le musée conserve 4 notices de ce titre : l'exemplaire visé serait indéterminé
M0537008136,PIRAME ET THISBE. N°.883. (titre inscrit),charles-francois-pinot,musée de l'image,D 996.1.8036 B,refusee,,,,Gallica (BnF),le musée conserve 4 notices de ce titre : l'exemplaire visé serait indéterminé
M0537007954,HISTOIRE DE PAUL ET VIRGINIE. (titre inscrit),charles-francois-pinot,musée de l'image,D 996.1.7851 B,refusee,,,,Gallica (BnF),l'éditeur Pellerin n'est pas nommé côté Gallica ; dates incompatibles (1888 / 1865)
M0537007969,PIRAME ET THISBÉ(titre inscrit),charles-francois-pinot,musée de l'image,D 996.1.7866 B,refusee,,,,Gallica (BnF),le musée conserve 4 notices de ce titre : l'exemplaire visé serait indéterminé
M0537038121,LE CHAT BOTTÉ. (CONTE DE FÉES.) 557 (titre inscrit),charles-francois-pinot,musée de l'image,2010.5.5015 B,introuvable,,,,Gallica (BnF),aucune notice Gallica pour ce titre
M0537004705,LE ROI DAGOBERT. (titre inscrit),charles-francois-pinot,musée de l'image,D 996.1.4559 B,refusee,,,,Gallica (BnF),le musée conserve 3 notices de ce titre : l'exemplaire visé serait indéterminé
M0537004800,MONSIEUR ET MADAME DENIS. / Souvenirs de deux vieux époux. (titre inscrit),charles-francois-pinot,musée de l'image,D 996.1.4656 B,introuvable,,,,Gallica (BnF),aucune notice Gallica pour ce titre
M0537017171,LE CHAT DE LA MÈRE MICHEL (titre inscrit),charles-francois-pinot,musée de l'image,990.1.583 B ; IV / 94,refusee,,,,Gallica (BnF),le musée conserve 2 notices de ce titre : l'exemplaire visé serait indéterminé
M0537046230,VIVE L'AMOUR ! VIVE LE VIN ! (titre inscrit),charles-francois-pinot,musée de l'image,2010.5.6941 B,refusee,,,,Gallica (BnF),le titre ne se retrouve pas dans la notice Gallica
M0537027468,"TIJL UILENSPIEGEL (titre inscrit, néerl.) ; Till l’espiègle. (titre factice)",charles-francois-pinot,musée de l'image,990.1.2072 B ; VII / B 11,introuvable,,,,Gallica (BnF),aucune notice Gallica pour ce titre
M0537027469,"DE GESCHIEDENIS VAN ROBINSON CRUSOE (titre inscrit, néerl.) ; L’histoire de Robinson Crusoé. (titre factice)",charles-francois-pinot,musée de l'image,990.1.2073 B ; VII / B 12,introuvable,,,,Gallica (BnF),aucune notice Gallica pour ce titre
M0537004715,LE CHAT DE LA MÈRE MICHEL. (titre inscrit),charles-francois-pinot,musée de l'image,D 996.1.4569 B,refusee,,,,Gallica (BnF),le musée conserve 2 notices de ce titre : l'exemplaire visé serait indéterminé
M0537040563,"SCÈNES VILLAGEOISES ET TRAVAUX CHAMPÊTRES. / 540 (titre inscrit, fr., all.)",charles-francois-pinot,musée de l'image,2010.5.6555 B,introuvable,,,,Gallica (BnF),aucune notice Gallica pour ce titre
M0537040562,"SCÈNES VILLAGEOISES ET TRAVAUX CHAMPÊTRES. / 539 (titre inscrit, fr., all.)",charles-francois-pinot,musée de l'image,2010.5.6554 B,introuvable,,,,Gallica (BnF),aucune notice Gallica pour ce titre
M0537017872,"DE JAPANSCHE HOND (titre inscrit, néerl.) ; Le chien du Japon (titre factice)",charles-francois-pinot,musée de l'image,990.1.2166 B ; VII B 105,introuvable,,,,Gallica (BnF),aucune notice Gallica pour ce titre
M0537017623,"LE MEUNIER, SON FILS ET L'ANE. (titre inscrit)",charles-francois-pinot,musée de l'image,990.1.1363 B ; VI / 83,refusee,,,,Gallica (BnF),l'éditeur Pellerin n'est pas nommé côté Gallica ; dates incompatibles (1921 / 1868)
M0537006062,M. DUCROQUET EN CHEMIN DE FER. (titre inscrit),charles-francois-pinot,musée de l'image,D 996.1.5936 B,introuvable,,,,Gallica (BnF),aucune notice Gallica pour ce titre
M0537018337,FABLES DE LA FONTAINE / LE CHEVAL ET LE LOUP / Le Renard et les Raisins / Le Loup et la Cigogne (titre inscrit),charles-francois-pinot,musée de l'image,990.1.1730 B ; VI / 441,introuvable,,,,Gallica (BnF),aucune notice Gallica pour ce titre
M0537029139,FABLES / DE / LAFONTAINE N°.6. (titre inscrit),charles-francois-pinot,musée de l'image,990.1.2851 Alb ; Alb / F 9,introuvable,,,,Gallica (BnF),aucune notice Gallica pour ce titre
M0537027466,"DE GESCHIEDENIS VAN JACOB DE GOEDE ZOON (titre inscrit, néerl.) ; Histoire de Jacques, le bon fils. (titre factice)",charles-francois-pinot,musée de l'image,990.1.2069 B ; VII / B 8,introuvable,,,,Gallica (BnF),aucune notice Gallica pour ce titre
M0537027507,"Martha, de goede Kleine Huishoudster (titre inscrit, néerl.) ; Marthe la bonne petite ménagère. (titre factice)",charles-francois-pinot,musée de l'image,990.1.2113 B ; VII / B 52,introuvable,,,,Gallica (BnF),aucune notice Gallica pour ce titre
M0537017345,CADET ROUSSELLE. (titre inscrit),charles-francois-pinot,musée de l'image,990.1.797 B ; IV / 275,refusee,,,,Gallica (BnF),le musée conserve 3 notices de ce titre : l'exemplaire visé serait indéterminé
M0537025098,CADET ROUSSELLE (titre inscrit),charles-francois-pinot,musée de l'image,990.1.572.12 B ; IV / 72,refusee,,,,Gallica (BnF),le musée conserve 3 notices de ce titre : l'exemplaire visé serait indéterminé
M0537017272,LE ROI DAGOBERT (titre inscrit),charles-francois-pinot,musée de l'image,990.1.581 B ; IV / 93 1er ex,refusee,,,,Gallica (BnF),le musée conserve 3 notices de ce titre : l'exemplaire visé serait indéterminé
M0537017273,LE ROI DAGOBERT (titre inscrit),charles-francois-pinot,musée de l'image,990.1.582 B ; IV / 93 2e ex,refusee,,,,Gallica (BnF),le musée conserve 3 notices de ce titre : l'exemplaire visé serait indéterminé
M0537001788,"LES DEGRÉS DES AGES DE L'HOMME. (titre inscrit fr., all.)",charles-francois-pinot,musée de l'image,D 996.1.1701 B,refusee,,,,Gallica (BnF),dates incompatibles (1850 / 1875)
M0537027560,"HOND EN KAT, OF DE SLECHTE BUREN (titre inscrit, néerl.) ; Chien et chat ou les mauvais voisins (titre factice)",charles-francois-pinot,musée de l'image,990.1.2167 B ; VII B 106,introuvable,,,,Gallica (BnF),aucune notice Gallica pour ce titre
M0537043716,CADET ROUSSELLE. (titre inscrit),charles-francois-pinot,musée de l'image,2010.5.2692 B,refusee,,,,Gallica (BnF),le musée conserve 3 notices de ce titre : l'exemplaire visé serait indéterminé
M0537017871,"GESCHIEDENIS VAN ALI-BABA EN DE 40 ROOVERS (titre inscrit, néerl.) ; L’histoire de Ali-Baba et les 40 voleurs (titre factice)",charles-francois-pinot,musée de l'image,990.1.2071 B ; VII / B 10,introuvable,,,,Gallica (BnF),aucune notice Gallica pour ce titre
M0537026208,MARTHE LA BONNE PETITE MENAGERE. (titre inscrit),charles-francois-pinot,musée de l'image,2008.21.106 B,refusee,,,,Gallica (BnF),le musée conserve 2 notices de ce titre : l'exemplaire visé serait indéterminé
M0537026207,MARTHE LA BONNE PETITE MENAGERE. (titre inscrit),charles-francois-pinot,musée de l'image,2008.21.105 B,refusee,,,,Gallica (BnF),le musée conserve 2 notices de ce titre : l'exemplaire visé serait indéterminé
M0537038128,"BETJE DE GOEDE HUISHOUDSTER. (titre inscrit, néerl.) ; MARTHE LA BONNE PETITE MENAGÈRE (titre traduit)",charles-francois-pinot,musée de l'image,2010.5.5036 A,introuvable,,,,Gallica (BnF),aucune notice Gallica pour ce titre
M0537048453,LES COURSES DE LA MARCHE. N°.. 58 (titre inscrit),charles-francois-pinot,musée de l'image,2010.5.9055 B,refusee,,,,Gallica (BnF),le titre ne se retrouve pas dans la notice Gallica
M0537005994,LE CHEVAL ENCHANTÉ (titre inscrit),charles-francois-pinot,musée de l'image,D 996.1.5868 B,introuvable,,,,Gallica (BnF),aucune notice Gallica pour ce titre
M0537070838,HISTOIRE DE RIQUET A LA HOUPPE (titre inscrit),charles-francois-pinot,musée de l'image,2019.5.160 A,refusee,,,,Gallica (BnF),dates incompatibles (1921 / 1842)
M0537015753,"LE LOUP, / LA CHEVRE / ET LES BIQUETS / - 7e SERIE  - (titre inscrit)",charles-francois-pinot,musée de l'image,2001.6.54 A,introuvable,,,,Gallica (BnF),aucune notice Gallica pour ce titre
M0537070835,"Le lOUP, la Chèvre et les Biquets (titre inscrit)",charles-francois-pinot,musée de l'image,2019.5.158 A,introuvable,,,,Gallica (BnF),aucune notice Gallica pour ce titre
M0537061445,NOUVEAU THÉÂTRE PORTATIF À RAINURES. / FOND DE FORÊT (titre inscrit),charles-francois-pinot,musée de l'image,2010.5.21891 B,introuvable,,,,Gallica (BnF),aucune notice Gallica pour ce titre
M0537061403,NOUVEAU THÉÂTRE PORTATIF À RAINURES. / PALAIS (titre inscrit),charles-francois-pinot,musée de l'image,2010.5.21849 B,introuvable,,,,Gallica (BnF),aucune notice Gallica pour ce titre
M0537017296,L'ECOLE DE VILLAGE (titre inscrit),charles-francois-pinot,musée de l'image,990.1.715 B ; IV / 197,refusee,,,,Gallica (BnF),l'éditeur Pellerin n'est pas nommé côté Gallica ; dates incompatibles (1921 / 1818)
M0537026857,ÉPISODE DE LA BATAILLE DE SAINT-PRIVAT (près Metz) (titre inscrit),charles-francois-pinot,musée de l'image,990.1.943 B ; V / 56,refusee,,,,Gallica (BnF),l'éditeur Pellerin n'est pas nommé côté Gallica ; dates incompatibles (1888 / 1870)
M0537017259,ALPHABET MASCARADE (titre inscrit),charles-francois-pinot,musée de l'image,990.1.516 B ; IV / 5,introuvable,,,,Gallica (BnF),aucune notice Gallica pour ce titre
M0537061818,Pantins : L'OGRE (titre inscrit),charles-francois-pinot,musée de l'image,2010.5.22264 B,introuvable,,,,Gallica (BnF),aucune notice Gallica pour ce titre
M0537003532,SIÈGE ET BOMBARDEMENT DE STRASBOURG. (titre inscrit),charles-francois-pinot,musée de l'image,D 996.1.3441 B,refusee,,,,Gallica (BnF),dates incompatibles (1888 / 1870)
M0537006049,FLEURETTE ou la Petite Bouquetière des Alpes (titre inscrit),charles-francois-pinot,musée de l'image,D 996.1.5923 B,introuvable,,,,Gallica (BnF),aucune notice Gallica pour ce titre
M0537006004,HISTOIRE DE COCO LE SINGE D'AMERIQUE. (titre inscrit),charles-francois-pinot,musée de l'image,D 996.1.5878 B,introuvable,,,,Gallica (BnF),aucune notice Gallica pour ce titre
5002E001385,CANTIQUES SPIRITUELS. / NOTRE-DAME DE FOURVIERE. (titre inscrit),francois-georgin,musée des civilisations de l'Europe et de la Méditerranée,51.16.17 C,introuvable,,,,Gallica (BnF),aucune notice Gallica pour ce titre
M0537000257,NOTRE-DAME DE BON-SECOURS. (titre inscrit),francois-georgin,musée de l'image,D 996.1.182 B,refusee,,,,Gallica (BnF),le musée conserve 3 notices de ce titre : l'exemplaire visé serait indéterminé
M0537000256,NOTRE-DAME DE BON-SECOURS. (titre inscrit),francois-georgin,musée de l'image,D 996.1.181 B,refusee,,,,Gallica (BnF),le musée conserve 3 notices de ce titre : l'exemplaire visé serait indéterminé
M0537000258,NOTRE-DAME DE BON-SECOURS. (titre inscrit),francois-georgin,musée de l'image,D 996.1.183 B,refusee,,,,Gallica (BnF),le musée conserve 3 notices de ce titre : l'exemplaire visé serait indéterminé
M0537000977,LE COURONNEMENT / DE LA SAINTE VIERGE. (titre inscrit),francois-georgin,musée de l'image,D 996.1.892 C,refusee,,,,Gallica (BnF),le titre ne se retrouve pas dans la notice Gallica
M0537001059,"JESUS-CHRIST, / ORNE DES QUINZE PRINCIPAUX MYSTERES DE LA RELIGION. (titre inscrit)",francois-georgin,musée de l'image,D 996.1.974 C,introuvable,,,,Gallica (BnF),aucune notice Gallica pour ce titre
M0537001060,"JESUS-CHRIST, / ORNE DES QUINZE PRINCIPAUX MYSTERES DE LA RELIGION. 199 (titre inscrit)",francois-georgin,musée de l'image,D 996.1.975 C,refusee,,,,Gallica (BnF),le musée conserve 3 notices de ce titre : l'exemplaire visé serait indéterminé
M0537001062,"JESUS-CHRIST, / ORNE DES QUINZE PRINCIPAUX MYSTERES DE LA RELIGION. 199 (titre inscrit)",francois-georgin,musée de l'image,D 996.1.977 C,refusee,,,,Gallica (BnF),le musée conserve 3 notices de ce titre : l'exemplaire visé serait indéterminé
M0537001061,"JESUS-CHRIST, / ORNE DES QUINZE PRINCIPAUX MYSTERES DE LA RELIGION. 199 (titre inscrit)",francois-georgin,musée de l'image,D 996.1.976 C,refusee,,,,Gallica (BnF),le musée conserve 3 notices de ce titre : l'exemplaire visé serait indéterminé
M0537003417,BOMBARDEMENT ET PRISE D'ALGER. (titre inscrit),francois-georgin,musée de l'image,D 996.1.3326 C,refusee,,,,Gallica (BnF),le musée conserve 3 notices de ce titre : l'exemplaire visé serait indéterminé
M0537003418,BOMBARDEMENT ET PRISE D'ALGER. (titre inscrit),francois-georgin,musée de l'image,D 996.1.3327 C,refusee,,,,Gallica (BnF),le musée conserve 3 notices de ce titre : l'exemplaire visé serait indéterminé
M0537020875,BOMBARDEMENT ET PRISE D'ALGER. (titre inscrit),francois-georgin,musée de l'image,990.2.54 C ; 105.5.2/26,refusee,,,,Gallica (BnF),le musée conserve 3 notices de ce titre : l'exemplaire visé serait indéterminé
M0537047452,DESCENTE DE LA CROIX (titre inscrit),francois-georgin,musée de l'image,2010.5.8056 C,refusee,,,,Gallica (BnF),le titre ne se retrouve pas dans la notice Gallica
M0537034879,HISTOIRE DES QUATRE FILS AYMON. 2.e pl.(titre inscrit),francois-georgin,musée de l'image,2010.5.4575 B,introuvable,,,,Gallica (BnF),aucune notice Gallica pour ce titre
M0537040328,"FABLES DE LA FONTAINE. (titre inscrit, fr., all.)",francois-georgin,musée de l'image,2010.5.6425 B,refusee,,,,Gallica (BnF),l'éditeur Pellerin n'est pas nommé côté Gallica ; dates incompatibles (1846 / 1868)
M0537040309,CROQUEMITAINE. / 403 (titre inscrit),francois-georgin,musée de l'image,2010.5.6412 B,refusee,,,,Gallica (BnF),dates incompatibles (1833 / 1863)
M0537040571,LES CATASTROPHES ET LA FIN TRAGIQUE DU PETIT TOUCHE-A-TOUT. (titre inscrit),francois-georgin,musée de l'image,2010.5.6558 B,exacte,Les catastrophes et la fin tragique du petit Touche-à-tout : [histoire enfantine] : [estampe],https://gallica.bnf.fr/ark:/12148/btv1b69380947,domaine public,Gallica (BnF),titre retrouvé dans « Les catastrophes et la fin tragique du petit Touche-à-tout : [histoire » ; éditeur Pellerin des deux côtés ; dates compatibles (1851 / 1851) ; domaine public déclaré par la BnF
M0537047043,GLOIRE NATIONALE / BERTRAND. (titre inscrit),francois-georgin,musée de l'image,2010.5.7675 C,refusee,,,,Gallica (BnF),le musée conserve 2 notices de ce titre : l'exemplaire visé serait indéterminé
M0537034884,PRISE D'ALEXANDRIE. (titre inscrit),francois-georgin,musée de l'image,2010.5.4580 C,refusee,,,,Gallica (BnF),le musée conserve 2 notices de ce titre : l'exemplaire visé serait indéterminé
M0537040272,"SALTIMBANQUES ET CHARLATANS. (titre inscrit, fr., all.)",francois-georgin,musée de l'image,2010.5.6395 B,refusee,,,,Gallica (BnF),dates incompatibles (1846 / 1828)
M0537021010,BATAILLE DE WATERLOO. (titre inscrit),francois-georgin,musée de l'image,990.2.155 C ; 105.5.2/127,exacte,Bataille de Waterloo : [estampe],https://gallica.bnf.fr/ark:/12148/btv1b55002026w,domaine public,Gallica (BnF),titre retrouvé dans « Bataille de Waterloo : [estampe] » ; éditeur Pellerin des deux côtés ; dates compatibles (1835 / 1835) ; domaine public déclaré par la BnF
M0537008042,CROQUEMITAINE. (titre inscrit),francois-georgin,musée de l'image,D 996.1.7943 B,refusee,,,,Gallica (BnF),dates incompatibles (1833 / 1863)
M0537007752,LE MOULIN MERVEILLEUX. (titre inscrit),francois-georgin,musée de l'image,D 996.1.7642 C,exacte,Le moulin merveilleux : [estampe] ([Tirage 1876]),https://gallica.bnf.fr/ark:/12148/btv1b69379355,domaine public,Gallica (BnF),titre retrouvé dans « Le moulin merveilleux : [estampe] ([Tirage 1876]) » ; éditeur Pellerin des deux côtés ; dates compatibles (1838 / 1837) ; domaine public déclaré par la BnF
M0537003354,BATAILLE DE FLEURUS. (titre inscrit),francois-georgin,musée de l'image,D 996.1.3264 C,exacte,Bataille de Fleurus : [estampe],https://gallica.bnf.fr/ark:/12148/btv1b69379266,domaine public,Gallica (BnF),titre retrouvé dans « Bataille de Fleurus : [estampe] » ; éditeur Pellerin des deux côtés ; dates compatibles (1837 / 1837) ; domaine public déclaré par la BnF
M0537007836,LE MONDE RENVERSÉ. (IIe Planche.) (titre inscrit),francois-georgin,musée de l'image,D 996.1.7727 B,exacte,Le monde renversé (IIe planche) : [estampe],https://gallica.bnf.fr/ark:/12148/btv1b550019996,domaine public,Gallica (BnF),titre retrouvé dans « Le monde renversé (IIe planche) : [estampe] » ; éditeur Pellerin des deux côtés ; dates compatibles (1829 / 1829) ; domaine public déclaré par la BnF
M0537003401,ENTRÉE DES FRANÇAIS A ANVERS EN 1831 (titre inscrit),francois-georgin,musée de l'image,D 996.1.3310 C,introuvable,,,,Gallica (BnF),aucune notice Gallica pour ce titre
M0537003399,ENTRÉE DES FRANÇAIS EN BELGIQUE. (titre inscrit),francois-georgin,musée de l'image,D 996.1.3308 C,exacte,Entrée Des Français En Belgique : [estampe],https://gallica.bnf.fr/ark:/12148/btv1b54000984z,domaine public,Gallica (BnF),titre retrouvé dans « Entrée Des Français En Belgique : [estampe] » ; éditeur Pellerin des deux côtés ; dates compatibles (1832 / 1832) ; domaine public déclaré par la BnF
M0537047044,GLOIRE NATIONALE / DAMRÉMONT. (titre inscrit),francois-georgin,musée de l'image,2010.5.7676 C,introuvable,,,,Gallica (BnF),aucune notice Gallica pour ce titre
M0537035826,LA FÊTE DE VILLAGE. / N°. 5 (titre inscrit),francois-georgin,musée de l'image,2010.5.3893 B,refusee,,,,Gallica (BnF),le titre ne se retrouve pas dans la notice Gallica
M0537003780,VEILLE D'AUSTERLITZ. (titre inscrit),francois-georgin,musée de l'image,D 996.1.3628 C,refusee,,,,Gallica (BnF),le musée conserve 3 notices de ce titre : l'exemplaire visé serait indéterminé
M0537003761,PRISE D'ALEXANDRIE. (titre inscrit),francois-georgin,musée de l'image,D 996.1.3609 C,refusee,,,,Gallica (BnF),le musée conserve 2 notices de ce titre : l'exemplaire visé serait indéterminé
M0537003781,VEILLE D'AUSTERLITZ. (titre inscrit),francois-georgin,musée de l'image,D 996.1.3629 C,refusee,,,,Gallica (BnF),le musée conserve 3 notices de ce titre : l'exemplaire visé serait indéterminé
M0537017721,VEILLE D'AUSTERLITZ. (titre inscrit),francois-georgin,musée de l'image,990.1.2729 C ; Inv 94-XIC-4,refusee,,,,Gallica (BnF),le musée conserve 3 notices de ce titre : l'exemplaire visé serait indéterminé
M0537039802,"DONNERA-T-ON QUELQUE CHOSE A CRÉDIT ? / QUAND LE COQ CHANTERA, CRÉDIT ON DONNERA. (titre inscrit)",francois-georgin,musée de l'image,2010.5.6038 B,refusee,,,,Gallica (BnF),l'éditeur Pellerin n'est pas nommé côté Gallica
M0537003810,NAPOLÉON A MONTEREAU. (titre inscrit),francois-georgin,musée de l'image,D 996.1.3658 C,exacte,Napoléon à Montereau : [estampe],https://gallica.bnf.fr/ark:/12148/btv1b550019655,domaine public,Gallica (BnF),titre retrouvé dans « Napoléon à Montereau : [estampe] » ; éditeur Pellerin des deux côtés ; dates compatibles (1835 / 1835) ; domaine public déclaré par la BnF
M0537035976,CANTIQUES SPIRITUELS. / JÉSUS SUR LA CROIX. (titre inscrit),francois-georgin,musée de l'image,2010.5.3913 B,introuvable,,,,Gallica (BnF),aucune notice Gallica pour ce titre
M0537003347,GLOIRE NATIONALE. / NAPOLEON. (titre inscrit),francois-georgin,musée de l'image,D 996.1.3257 C,exacte,Gloire nationale. Napoléon : [estampe] / Georgin del. ; J.-B. Thiébault sc.,https://gallica.bnf.fr/ark:/12148/btv1b55002033z,domaine public,Gallica (BnF),titre retrouvé dans « Gloire nationale. Napoléon : [estampe] / Georgin del. ; J.-B. Thiébaul » ; éditeur Pellerin des deux côtés ; dates compatibles (1835 / 1834) ; domaine public déclaré par la BnF
M0537003732,GLOIRE NATIONALE / BERTRAND. (titre inscrit),francois-georgin,musée de l'image,D 996.1.3585.25 C,refusee,,,,Gallica (BnF),le musée conserve 2 notices de ce titre : l'exemplaire visé serait indéterminé
M0537003408,MACHINE INFERNALE : ATTENTAT du 28 juillet 1835. (titre inscrit),francois-georgin,musée de l'image,D 996.1.3317 C,refusee,,,,Gallica (BnF),le titre ne se retrouve pas dans la notice Gallica
M0537002244,FUSILIERS MARINS au Combat (titre inscrit),georges-ferdinand-bigot,musée de l'image,D 996.1.2156 B,refusee,,,,Gallica (BnF),le musée conserve 2 notices de ce titre : l'exemplaire visé serait indéterminé
M0537002212,INFANTERIE FRANÇAISE AU COMBAT (titre inscrit),georges-ferdinand-bigot,musée de l'image,D 996.1.2124 B,refusee,,,,Gallica (BnF),le musée conserve 5 notices de ce titre : l'exemplaire visé serait indéterminé
M0537002556,INFANTERIE à l'EXERCICE en FRANCE / LES ÉTATS-UNIS / D'AMÉRIQUE / dans la Guerre (titre inscrit),georges-ferdinand-bigot,musée de l'image,D 996.1.2468 B,refusee,,,,Gallica (BnF),le musée conserve 7 notices de ce titre : l'exemplaire visé serait indéterminé
M0537002149,INFANTERIE de LIGNE / TENUE DE GUERRE / AVANT LE CASQUE ET LES BANDES MOLLETIÈRES (titre inscrit),georges-ferdinand-bigot,musée de l'image,D 996.1.2061 B,introuvable,,,,Gallica (BnF),aucune notice Gallica pour ce titre
M0537002148,ARTILLERIE FRANÇAISE / ancienne tenue et tenue de guerre / PIÈCES DE 90 DE CAMPAGNE / ARTILLERIE LOURDE / CANON / DE 120 LONG  (titre inscrit),georges-ferdinand-bigot,musée de l'image,D 996.1.2060 B,refusee,,,,Gallica (BnF),le musée conserve 3 notices de ce titre : l'exemplaire visé serait indéterminé
M0537002450,INFANTERIE ÉCOSSAISE / - HIGHLANDERS - AU COMBAT (titre inscrit),georges-ferdinand-bigot,musée de l'image,D 996.1.2362 B,refusee,,,,Gallica (BnF),le musée conserve 2 notices de ce titre : l'exemplaire visé serait indéterminé
M0537002557,LES ÉTATS-UNIS d'AMÉRIQUE / EN GUERRE AUX COTÉS DES ALLIÉS (1917) (titre inscrit),georges-ferdinand-bigot,musée de l'image,D 996.1.2469 B,refusee,,,,Gallica (BnF),le musée conserve 2 notices de ce titre : l'exemplaire visé serait indéterminé
M0537002216,ZOUAVES A LA REVUE / TENUE DE GUERRE / AVEC CAPOTE (titre inscrit),georges-ferdinand-bigot,musée de l'image,D 996.1.2128 B,refusee,,,,Gallica (BnF),le musée conserve 3 notices de ce titre : l'exemplaire visé serait indéterminé
M0537002593,INFANTERIE ROUMAINE / TENUE DE CAMPAGNE (titre inscrit),georges-ferdinand-bigot,musée de l'image,D 996.1.2505 B,refusee,,,,Gallica (BnF),le musée conserve 2 notices de ce titre : l'exemplaire visé serait indéterminé
M0537002555,TYPES des PREMIERS CONTINGENTS / D'INFANTERIE / ARRIVÉS EN FRANCE en 1917 (titre inscrit),georges-ferdinand-bigot,musée de l'image,D 996.1.2467 B,refusee,,,,Gallica (BnF),le musée conserve 5 notices de ce titre : l'exemplaire visé serait indéterminé
M0537002215,ZOUAVES A LA REVUE / TENUE DE GUERRE / SANS CAPOTE (titre inscrit),georges-ferdinand-bigot,musée de l'image,D 996.1.2127 B,refusee,,,,Gallica (BnF),le musée conserve 3 notices de ce titre : l'exemplaire visé serait indéterminé
M0537003874,Les POSTES de SECOURS (titre inscrit),georges-ferdinand-bigot,musée de l'image,D 996.1.3709 B,refusee,,,,Gallica (BnF),le titre ne se retrouve pas dans la notice Gallica
M0537016775,INFANTERIE à l'EXERCICE en FRANCE / LES ÉTATS-UNIS / D'AMÉRIQUE / dans la Guerre (titre inscrit),georges-ferdinand-bigot,musée de l'image,2005.8.11 B,refusee,,,,Gallica (BnF),le musée conserve 7 notices de ce titre : l'exemplaire visé serait indéterminé
M0537031927,INFANTERIE FRANÇAISE AU COMBAT (titre inscrit),georges-ferdinand-bigot,musée de l'image,2010.5.209 B,refusee,,,,Gallica (BnF),le musée conserve 5 notices de ce titre : l'exemplaire visé serait indéterminé
M0537032021,FUSILIERS MARINS au Combat (titre inscrit),georges-ferdinand-bigot,musée de l'image,2010.5.252 B,refusee,,,,Gallica (BnF),le musée conserve 2 notices de ce titre : l'exemplaire visé serait indéterminé
M0537031953,ZOUAVES TENUE DE GUERRE Avec et Sans Capote  AU DEFILE (titre inscrit),georges-ferdinand-bigot,musée de l'image,2010.5.219 B,introuvable,,,,Gallica (BnF),aucune notice Gallica pour ce titre
M0537032142,ZOUAVES TENUE DE GUERRE En Marche et Chargeant (titre inscrit),georges-ferdinand-bigot,musée de l'image,2010.5.307 B,refusee,,,,Gallica (BnF),le musée conserve 2 notices de ce titre : l'exemplaire visé serait indéterminé
M0537032020,INFANTERIE A L'ATTAQUE (titre inscrit),georges-ferdinand-bigot,musée de l'image,2010.5.251 B,refusee,,,,Gallica (BnF),le musée conserve 4 notices de ce titre : l'exemplaire visé serait indéterminé
M0537022590,TYPES des PREMIERS CONTINGENTS / D'INFANTERIE / ARRIVÉS EN FRANCE en 1917 (titre inscrit),georges-ferdinand-bigot,musée de l'image,2006.16.95 B,refusee,,,,Gallica (BnF),le musée conserve 5 notices de ce titre : l'exemplaire visé serait indéterminé
M0537038765,LES ÉTATS-UNIS d'AMÉRIQUE / EN GUERRE AUX COTÉS DES ALLIÉS (1917) (titre inscrit),georges-ferdinand-bigot,musée de l'image,2010.5.5259 B,refusee,,,,Gallica (BnF),le musée conserve 2 notices de ce titre : l'exemplaire visé serait indéterminé
M0537032144,EN TIRAILLEURS : Sur le terrain et dans les Tranchées (titre inscrit),georges-ferdinand-bigot,musée de l'image,2010.5.309 B,refusee,,,,Gallica (BnF),le musée conserve 2 notices de ce titre : l'exemplaire visé serait indéterminé
M0537029852,ARTILLERIE FRANÇAISE / ancienne tenue et tenue de guerre / PIÈCES DE 90 DE CAMPAGNE / ARTILLERIE LOURDE / CANON / DE 120 LONG  (titre inscrit),georges-ferdinand-bigot,musée de l'image,2010.5.93 B,refusee,,,,Gallica (BnF),le musée conserve 3 notices de ce titre : l'exemplaire visé serait indéterminé
M0537032019,INFANTERIE A L'ATTAQUE (titre inscrit),georges-ferdinand-bigot,musée de l'image,2010.5.250 B,refusee,,,,Gallica (BnF),le musée conserve 4 notices de ce titre : l'exemplaire visé serait indéterminé
M0537022580,INFANTERIE ITALIENNE Stationnant / et en marche (titre inscrit),georges-ferdinand-bigot,musée de l'image,2006.16.85 B,refusee,,,,Gallica (BnF),le musée conserve 5 notices de ce titre : l'exemplaire visé serait indéterminé
M0537031960,ZOUAVES - TENUE DE GUERRE avec et sans capote - CHARGEANT (titre inscrit),georges-ferdinand-bigot,musée de l'image,2010.5.220 B,introuvable,,,,Gallica (BnF),aucune notice Gallica pour ce titre
M0537029789,INFANTERIE A L'ATTAQUE (titre inscrit),georges-ferdinand-bigot,musée de l'image,2010.5.35 B,refusee,,,,Gallica (BnF),le musée conserve 4 notices de ce titre : l'exemplaire visé serait indéterminé
M0537032127,LES 'DIABLES BLEUS' Chasseurs et Artilleurs ALPINS (titre inscrit),georges-ferdinand-bigot,musée de l'image,2010.5.304 B,introuvable,,,,Gallica (BnF),aucune notice Gallica pour ce titre
M0537022527,ZOUAVES A LA REVUE / TENUE DE GUERRE / AVEC CAPOTE (titre inscrit),georges-ferdinand-bigot,musée de l'image,2006.16.33 B,refusee,,,,Gallica (BnF),le musée conserve 3 notices de ce titre : l'exemplaire visé serait indéterminé
M0537032140,ZOUAVES à la Revue TENUE de GUERRE (titre inscrit),georges-ferdinand-bigot,musée de l'image,2010.5.306 B,refusee,,,,Gallica (BnF),le musée conserve 3 notices de ce titre : l'exemplaire visé serait indéterminé
M0537031928,INFANTERIE FRANÇAISE AU COMBAT (titre inscrit),georges-ferdinand-bigot,musée de l'image,2010.5.210 B,refusee,,,,Gallica (BnF),le musée conserve 5 notices de ce titre : l'exemplaire visé serait indéterminé
M0537038762,INFANTERIE à l'EXERCICE en FRANCE / LES ÉTATS-UNIS / D'AMÉRIQUE / dans la Guerre (titre inscrit),georges-ferdinand-bigot,musée de l'image,2010.5.5256 B,refusee,,,,Gallica (BnF),le musée conserve 7 notices de ce titre : l'exemplaire visé serait indéterminé
M0537022524,INFANTERIE FRANÇAISE AU COMBAT (titre inscrit),georges-ferdinand-bigot,musée de l'image,2006.16.30 B,refusee,,,,Gallica (BnF),le musée conserve 5 notices de ce titre : l'exemplaire visé serait indéterminé
M0537022532,INFANTERIE A L'ATTAQUE (titre inscrit),georges-ferdinand-bigot,musée de l'image,2006.16.38 B,refusee,,,,Gallica (BnF),le musée conserve 4 notices de ce titre : l'exemplaire visé serait indéterminé
M0537031929,INFANTERIE FRANÇAISE AU COMBAT (titre inscrit),georges-ferdinand-bigot,musée de l'image,2010.5.211 B,refusee,,,,Gallica (BnF),le musée conserve 5 notices de ce titre : l'exemplaire visé serait indéterminé
M0537022546,ZOUAVES à la Revue TENUE de GUERRE (titre inscrit),georges-ferdinand-bigot,musée de l'image,2006.16.52 B,refusee,,,,Gallica (BnF),le musée conserve 3 notices de ce titre : l'exemplaire visé serait indéterminé
M0537022548,EN TIRAILLEURS : Sur le Terrain et dans les Tranchées (titre inscrit),georges-ferdinand-bigot,musée de l'image,2006.16.54 B,refusee,,,,Gallica (BnF),le musée conserve 2 notices de ce titre : l'exemplaire visé serait indéterminé
M0537031943,ZOUAVES A LA REVUE / TENUE DE GUERRE / AVEC CAPOTE (titre inscrit),georges-ferdinand-bigot,musée de l'image,2010.5.218 B,refusee,,,,Gallica (BnF),le musée conserve 3 notices de ce titre : l'exemplaire visé serait indéterminé
M0537022578,INFANTERIE ITALIENNE A LA / REVUE. (titre inscrit),georges-ferdinand-bigot,musée de l'image,2006.16.83 B,refusee,,,,Gallica (BnF),le musée conserve 5 notices de ce titre : l'exemplaire visé serait indéterminé
M0537039056,INFANTERIE ANGLAISE AU COMBAT (titre inscrit),georges-ferdinand-bigot,musée de l'image,2010.5.743 B,introuvable,,,,Gallica (BnF),aucune notice Gallica pour ce titre
M0537032143,ZOUAVES TENUE DE GUERRE En Marche et Chargeant (titre inscrit),georges-ferdinand-bigot,musée de l'image,2010.5.308 B,refusee,,,,Gallica (BnF),le musée conserve 2 notices de ce titre : l'exemplaire visé serait indéterminé
M0537032138,ZOUAVES à la Revue TENUE de GUERRE (titre inscrit),georges-ferdinand-bigot,musée de l'image,2010.5.305 B,refusee,,,,Gallica (BnF),le musée conserve 3 notices de ce titre : l'exemplaire visé serait indéterminé
M0537031941,ZOUAVES A LA REVUE / TENUE DE GUERRE / SANS CAPOTE (titre inscrit),georges-ferdinand-bigot,musée de l'image,2010.5.217 B,refusee,,,,Gallica (BnF),le musée conserve 3 notices de ce titre : l'exemplaire visé serait indéterminé
M0537039047,INFANTERIE ITALIENNE A LA / REVUE (titre inscrit),georges-ferdinand-bigot,musée de l'image,2010.5.718 B,refusee,,,,Gallica (BnF),le musée conserve 5 notices de ce titre : l'exemplaire visé serait indéterminé
M0537039086,INFANTERIE ROUMAINE TENUE / DE CAMPAGNE (titre inscrit),georges-ferdinand-bigot,musée de l'image,2010.5.968 B,refusee,,,,Gallica (BnF),le musée conserve 2 notices de ce titre : l'exemplaire visé serait indéterminé
M0537039263,INFANTERIE ITALIENNE A LA / REVUE (titre inscrit),georges-ferdinand-bigot,musée de l'image,2010.5.5566 B,refusee,,,,Gallica (BnF),le musée conserve 5 notices de ce titre : l'exemplaire visé serait indéterminé
M0537022591,INFANTERIE à l'EXERCICE en FRANCE / LES ÉTATS-UNIS / D'AMÉRIQUE / dans la Guerre (titre inscrit),georges-ferdinand-bigot,musée de l'image,2006.16.96 B,refusee,,,,Gallica (BnF),le musée conserve 7 notices de ce titre : l'exemplaire visé serait indéterminé
M0537022526,ZOUAVES A LA REVUE / TENUE DE GUERRE / SANS CAPOTE (titre inscrit),georges-ferdinand-bigot,musée de l'image,2006.16.32 B,refusee,,,,Gallica (BnF),le musée conserve 3 notices de ce titre : l'exemplaire visé serait indéterminé
M0537038761,TYPES des PREMIERS CONTINGENTS / D'INFANTERIE / ARRIVÉS EN FRANCE en 1917 (titre inscrit),georges-ferdinand-bigot,musée de l'image,2010.5.5255 B,refusee,,,,Gallica (BnF),le musée conserve 5 notices de ce titre : l'exemplaire visé serait indéterminé
M0537022547,ZOUAVES En Marche et Chargeant TENUE / DE GUERRE (titre inscrit),georges-ferdinand-bigot,musée de l'image,2006.16.53 B,introuvable,,,,Gallica (BnF),aucune notice Gallica pour ce titre
M0537039053,INFANTERIE ITALIENNE ARME AU PIED / ET À LA BRETELLE (titre inscrit),georges-ferdinand-bigot,musée de l'image,2010.5.723 B,introuvable,,,,Gallica (BnF),aucune notice Gallica pour ce titre
M0537039264,INFANTERIE ITALIENNE Stationnant / et en marche (titre inscrit),georges-ferdinand-bigot,musée de l'image,2010.5.5567 B,refusee,,,,Gallica (BnF),le musée conserve 5 notices de ce titre : l'exemplaire visé serait indéterminé
M0537042001,INFANTERIE ECOSSAISE (titre inscrit),georges-ferdinand-bigot,musée de l'image,2010.5.1605 B,refusee,,,,Gallica (BnF),le musée conserve 2 notices de ce titre : l'exemplaire visé serait indéterminé
M0537022510,ARTILLERIE FRANÇAISE / ancienne tenue et tenue de guerre / PIÈCES DE 90 DE CAMPAGNE / ARTILLERIE LOURDE / CANON / DE 120 LONG  (titre inscrit),georges-ferdinand-bigot,musée de l'image,2006.16.16 B,refusee,,,,Gallica (BnF),le musée conserve 3 notices de ce titre : l'exemplaire visé serait indéterminé
M0537039059,INFANTERIE ANGLAISE A LA REVUE L'ARME / A LA BRETELLE (titre inscrit),georges-ferdinand-bigot,musée de l'image,2010.5.746 B,introuvable,,,,Gallica (BnF),aucune notice Gallica pour ce titre
M0537039049,INFANTERIE ITALIENNE Stationnant / et en marche (titre inscrit),georges-ferdinand-bigot,musée de l'image,2010.5.720 B,refusee,,,,Gallica (BnF),le musée conserve 5 notices de ce titre : l'exemplaire visé serait indéterminé
M0537039066,INFANTERIE ECOSSAISE (titre inscrit),georges-ferdinand-bigot,musée de l'image,2010.5.752 B,refusee,,,,Gallica (BnF),le musée conserve 2 notices de ce titre : l'exemplaire visé serait indéterminé
M0537039077,TYPES des PREMIERS CONTINGENTS / D'INFANTERIE / ARRIVÉS EN FRANCE en 1917 (titre inscrit),georges-ferdinand-bigot,musée de l'image,2010.5.912 B,refusee,,,,Gallica (BnF),le musée conserve 5 notices de ce titre : l'exemplaire visé serait indéterminé
M0537039048,INFANTERIE ITALIENNE A LA / REVUE (titre inscrit),georges-ferdinand-bigot,musée de l'image,2010.5.719 B,refusee,,,,Gallica (BnF),le musée conserve 5 notices de ce titre : l'exemplaire visé serait indéterminé
M0537039078,TYPES des PREMIERS CONTINGENTS / D'INFANTERIE / ARRIVÉS EN FRANCE en 1917 (titre inscrit),georges-ferdinand-bigot,musée de l'image,2010.5.913 B,refusee,,,,Gallica (BnF),le musée conserve 5 notices de ce titre : l'exemplaire visé serait indéterminé
M0537039052,INFANTERIE ITALIENNE Stationnant / et en marche (titre inscrit),georges-ferdinand-bigot,musée de l'image,2010.5.722 B,refusee,,,,Gallica (BnF),le musée conserve 5 notices de ce titre : l'exemplaire visé serait indéterminé
M0537039060,"INFANTERIE ANGLAISE DÉFILANT, L'ARME / A LA BRETELLE (titre inscrit)",georges-ferdinand-bigot,musée de l'image,2010.5.747 B,introuvable,,,,Gallica (BnF),aucune notice Gallica pour ce titre
M0537022579,INFANTERIE ITALIENNE A LA / REVUE. (titre inscrit),georges-ferdinand-bigot,musée de l'image,2006.16.84 B,refusee,,,,Gallica (BnF),le musée conserve 5 notices de ce titre : l'exemplaire visé serait indéterminé
M0537039051,INFANTERIE ITALIENNE Stationnant / et en marche (titre inscrit),georges-ferdinand-bigot,musée de l'image,2010.5.721 B,refusee,,,,Gallica (BnF),le musée conserve 5 notices de ce titre : l'exemplaire visé serait indéterminé
M0537039063,INFANTERIE ANGLAISE ARME AU PIED /  & A LA BRETELLE (titre inscrit),georges-ferdinand-bigot,musée de l'image,2010.5.749 B,introuvable,,,,Gallica (BnF),aucune notice Gallica pour ce titre
M0537039058,INFANTERIE ANGLAISE A LA REVUE / ARME AU PIED (titre inscrit),georges-ferdinand-bigot,musée de l'image,2010.5.745 B,introuvable,,,,Gallica (BnF),aucune notice Gallica pour ce titre
M0537039057,INFANTERIE ÉCOSSAISE / - HIGHLANDERS - AU COMBAT (titre inscrit),georges-ferdinand-bigot,musée de l'image,2010.5.744 B,refusee,,,,Gallica (BnF),le musée conserve 2 notices de ce titre : l'exemplaire visé serait indéterminé
M0537039079,INFANTERIE à l'EXERCICE en FRANCE / LES ÉTATS-UNIS / D'AMÉRIQUE / dans la Guerre (titre inscrit),georges-ferdinand-bigot,musée de l'image,2010.5.914 B,refusee,,,,Gallica (BnF),le musée conserve 7 notices de ce titre : l'exemplaire visé serait indéterminé
M0537039065,INFANTERIE ANGLAISE EN AVANT / A LA BAIONNETTE (titre inscrit),georges-ferdinand-bigot,musée de l'image,2010.5.751 B,introuvable,,,,Gallica (BnF),aucune notice Gallica pour ce titre
M0537039064,INFANTERIE ANGLAISE DÉFILANT / PAS DE ROUTE (titre inscrit),georges-ferdinand-bigot,musée de l'image,2010.5.750 B,introuvable,,,,Gallica (BnF),aucune notice Gallica pour ce titre
M0537039062,"INFANTERIE ÉCOSSAISE A LA REVUE, L'ARME / A LA BRETELLE (titre inscrit)",georges-ferdinand-bigot,musée de l'image,2010.5.748 B,introuvable,,,,Gallica (BnF),aucune notice Gallica pour ce titre
M0537039081,INFANTERIE à l'EXERCICE en FRANCE / LES ÉTATS-UNIS / D'AMÉRIQUE / dans la Guerre (titre inscrit),georges-ferdinand-bigot,musée de l'image,2010.5.916 B,refusee,,,,Gallica (BnF),le musée conserve 7 notices de ce titre : l'exemplaire visé serait indéterminé
M0537039080,INFANTERIE à l'EXERCICE en FRANCE / LES ÉTATS-UNIS / D'AMÉRIQUE / dans la Guerre (titre inscrit),georges-ferdinand-bigot,musée de l'image,2010.5.915 B,refusee,,,,Gallica (BnF),le musée conserve 7 notices de ce titre : l'exemplaire visé serait indéterminé
M0537005000,La Rivalité des Câm et des Xa / (LÉGENDE TONKINOISE) (titre inscrit),georges-ferdinand-bigot,musée de l'image,D 996.1.4860 A,introuvable,,,,Gallica (BnF),aucune notice Gallica pour ce titre
M0537028226,Histoire de TAN et LANG / Légende annamite du BÉTEL et de l’ARÉQUIER (titre inscrit),georges-ferdinand-bigot,musée de l'image,990.1.2633 B ; X B 133,introuvable,,,,Gallica (BnF),aucune notice Gallica pour ce titre
M0537052168,Histoire de Géant LY-ONG-THAN / LÉGENDE HISTORIQUE DE L'ANNAM (titre inscrit),georges-ferdinand-bigot,musée de l'image,2010.5.12703 B,introuvable,,,,Gallica (BnF),aucune notice Gallica pour ce titre
M0537004602,La MARGUERITE (Ronde) (titre inscrit),georges-ferdinand-bigot,musée de l'image,D 996.1.4455 B,refusee,,,,Gallica (BnF),le titre ne se retrouve pas dans la notice Gallica
M0537017258,SAINT JOSEPH CHERCHANT UN LOGIS (titre inscrit),georges-ferdinand-bigot,musée de l'image,990.1.631 B ; IV / 127,refusee,,,,Gallica (BnF),le musée conserve 2 notices de ce titre : l'exemplaire visé serait indéterminé
M0537007687,Légende annamite du poisson TINH (titre inscrit),georges-ferdinand-bigot,musée de l'image,D 996.1.7576 B,introuvable,,,,Gallica (BnF),aucune notice Gallica pour ce titre
M0537020249,SAINT JOSEPH CHERCHANT UN LOGIS (titre inscrit),georges-ferdinand-bigot,musée de l'image,990.1.205 B ; I / 203,refusee,,,,Gallica (BnF),le musée conserve 2 notices de ce titre : l'exemplaire visé serait indéterminé
M0537002157,GOUMIERS ALGERIENS (titre inscrit),georges-ferdinand-bigot,musée de l'image,D 996.1.2069 B,refusee,,,,Gallica (BnF),l'éditeur Pellerin n'est pas nommé côté Gallica ; dates incompatibles (1908 / 1915)
M0537001348,LA GUERRE DES JEUX (titre inscrit),henry-hennault,musée de l'image,D 996.1.1262 B,refusee,,,,Gallica (BnF),le musée conserve 2 notices de ce titre : l'exemplaire visé serait indéterminé
M0537001345,LA GUERRE DES JEUX (titre inscrit),henry-hennault,musée de l'image,D 996.1.1261 B,refusee,,,,Gallica (BnF),le musée conserve 2 notices de ce titre : l'exemplaire visé serait indéterminé
M0537043004,REMÈDE contre LE SPLEEN (titre inscrit),henry-hennault,musée de l'image,2010.5.2264 B,exacte,"Imagerie d'Epinal. N° 340, Remède contre le spleen : [estampe]",https://gallica.bnf.fr/ark:/12148/btv1b69389431,domaine public,Gallica (BnF),"titre retrouvé dans « Imagerie d'Epinal. N° 340, Remède contre le spleen : [estampe] » ; éditeur Pellerin des deux côtés ; dates compatibles (1896 / 1896) ; domaine public déclaré par la BnF"
M0537043037,LES MÉTAMORPHOSES DE TOTO / à l'Exposition d'Anvers (titre inscrit),henry-hennault,musée de l'image,2010.5.2281 B,exacte,"Imagerie d'Epinal. N° 350, Les métamorphoses de Toto à l'exposition d'Anvers : [estampe]",https://gallica.bnf.fr/ark:/12148/btv1b6938993x,domaine public,Gallica (BnF),"titre retrouvé dans « Imagerie d'Epinal. N° 350, Les métamorphoses de Toto à l'exposition d' » ; éditeur Pellerin des deux côtés ; dates compatibles (1896 / 1896) ; domaine public déclaré par la BnF"
M0537043126,POUR UNE PETITE SOURIS ! (titre inscrit),henry-hennault,musée de l'image,2010.5.2328 B,exacte,"Imagerie d'Epinal. N° 377, Pour une petite souris ! : [estampe]",https://gallica.bnf.fr/ark:/12148/btv1b69388213,domaine public,Gallica (BnF),"titre retrouvé dans « Imagerie d'Epinal. N° 377, Pour une petite souris ! : [estampe] » ; éditeur Pellerin des deux côtés ; dates compatibles (1893 / 1893) ; domaine public déclaré par la BnF"
M0537027572,"Toto’s aventuren op de wereldtentoonstelling te Antwerpen. (titre inscrit, néerl.) ; LES MÉTAMORPHOSES DE TOTO / à l'Exposition d'Anvers (titre factice)",henry-hennault,musée de l'image,990.1.2179 B ; VII B 118,introuvable,,,,Gallica (BnF),aucune notice Gallica pour ce titre
M0537007874,LE CHAT & LE RENARD / Fable de la Fontaine (titre inscrit),henry-hennault,musée de l'image,D 996.1.7766 B,refusee,,,,Gallica (BnF),le musée conserve 4 notices de ce titre : l'exemplaire visé serait indéterminé
M0537026546,UNE ARRESTATION DE PANDORE (titre inscrit),henry-hennault,musée de l'image,2008.21.438 B,introuvable,,,,Gallica (BnF),aucune notice Gallica pour ce titre
M0537007654,Le Portrait Enchanté (titre inscrit),henry-hennault,musée de l'image,D 996.1.7543 B,refusee,,,,Gallica (BnF),le musée conserve 2 notices de ce titre : l'exemplaire visé serait indéterminé
M0537007711,La MOUCHE (titre inscrit),henry-hennault,musée de l'image,D 996.1.7600 B,refusee,,,,Gallica (BnF),l'éditeur Pellerin n'est pas nommé côté Gallica
M0537026523,Le Mandarin Ka-Li-Ko (titre inscrit),henry-hennault,musée de l'image,2008.21.415 B,introuvable,,,,Gallica (BnF),aucune notice Gallica pour ce titre
M0537007690,LIPHANTES LE FOURBE (titre inscrit),henry-hennault,musée de l'image,D 996.1.7579 B,introuvable,,,,Gallica (BnF),aucune notice Gallica pour ce titre
M0537026200,LE CHAT & LE RENARD / Fable de la Fontaine (titre inscrit),henry-hennault,musée de l'image,2008.21.98 B,refusee,,,,Gallica (BnF),le musée conserve 4 notices de ce titre : l'exemplaire visé serait indéterminé
M0537026297,LE PLUMET de BALDAQUIN (titre inscrit),henry-hennault,musée de l'image,2008.21.193 B,introuvable,,,,Gallica (BnF),aucune notice Gallica pour ce titre
M0537026839,LE CHAT & LE RENARD / Fable de La Fontaine (titre inscrit),henry-hennault,musée de l'image,2008.21.569.20 Alb,refusee,,,,Gallica (BnF),le musée conserve 4 notices de ce titre : l'exemplaire visé serait indéterminé
M0537027578,"Remedie tegen het Spleen. (titre inscrit, néerl.) ; Remède contre le spleen (titre traduit)",henry-hennault,musée de l'image,990.1.2185 B ; VII B 124,introuvable,,,,Gallica (BnF),aucune notice Gallica pour ce titre
M0537007689,LE FILLEUL du CHEVALIER : (titre inscrit),henry-hennault,musée de l'image,D 996.1.7578 B,introuvable,,,,Gallica (BnF),aucune notice Gallica pour ce titre
M0537007673,JEAN LE BOSSU (titre inscrit),henry-hennault,musée de l'image,D 996.1.7562 B,refusee,,,,Gallica (BnF),le titre ne se retrouve pas dans la notice Gallica
M0537007653,Le Portrait Enchanté (titre inscrit),henry-hennault,musée de l'image,D 996.1.7542 B,refusee,,,,Gallica (BnF),le musée conserve 2 notices de ce titre : l'exemplaire visé serait indéterminé
M0537043137,AVENTURES DE DEUX PETITS MOINEAUX (titre inscrit),henry-hennault,musée de l'image,2010.5.2336 B,exacte,"Imagerie d'Epinal. N° 381, Aventures de deux petits moineaux : [estampe]",https://gallica.bnf.fr/ark:/12148/btv1b6938825r,domaine public,Gallica (BnF),"titre retrouvé dans « Imagerie d'Epinal. N° 381, Aventures de deux petits moineaux : [estamp » ; éditeur Pellerin des deux côtés ; dates compatibles (1893 / 1893) ; domaine public déclaré par la BnF"
M0537026201,LE CHAT & LE RENARD / Fable de la Fontaine (titre inscrit),henry-hennault,musée de l'image,2008.21.99 B,refusee,,,,Gallica (BnF),le musée conserve 4 notices de ce titre : l'exemplaire visé serait indéterminé
M0537027580,"DE HEMDEN VAN MARKIES DE CALIBRAN. (titre inscrit, néerl.) ; Les chemises du marquis de Calibran (titre traduit)",henry-hennault,musée de l'image,990.1.2187 B ; VII B 126,introuvable,,,,Gallica (BnF),aucune notice Gallica pour ce titre
M0537007577,Le Coq et le Chat / fable par *** (titre inscrit),henry-hennault,musée de l'image,D 996.1.7466 B,introuvable,,,,Gallica (BnF),aucune notice Gallica pour ce titre
M0537026533,LECTURE & POT-AU-FEU (titre inscrit),henry-hennault,musée de l'image,2008.21.425 B,refusee,,,,Gallica (BnF),le titre ne se retrouve pas dans la notice Gallica
M0537026534,PIERROT & LA LUNE / (Fin du “Clair de la Lune”) (titre inscrit),henry-hennault,musée de l'image,2008.21.426 B,refusee,,,,Gallica (BnF),le musée conserve 2 notices de ce titre : l'exemplaire visé serait indéterminé
M0537027911,PIERROT & LA LUNE / (Fin du “Clair de la Lune”) (titre inscrit),henry-hennault,musée de l'image,990.1.2431 B ; IX B 18,refusee,,,,Gallica (BnF),le musée conserve 2 notices de ce titre : l'exemplaire visé serait indéterminé
M0537001338,JEU DE MARELLE FRANCO - BRITANNIQUE N° 1709 (titre inscrit),louis-morinet,musée de l'image,D 996.1.1253 B,refusee,,,,Gallica (BnF),le musée conserve 3 notices de ce titre : l'exemplaire visé serait indéterminé
M0537003059,Les 'PEPERES' ... En PERMISSION (titre inscrit),louis-morinet,musée de l'image,D 996.1.2970 B,refusee,,,,Gallica (BnF),le musée conserve 3 notices de ce titre : l'exemplaire visé serait indéterminé
M0537002211,INFANTERIE FRANÇAISE / EN AVANT ! ... CHARGEZ ! (titre inscrit),louis-morinet,musée de l'image,D 996.1.2123 B,refusee,,,,Gallica (BnF),le musée conserve 3 notices de ce titre : l'exemplaire visé serait indéterminé
M0537002273,INFANTERIE FRANÇAISE / SE PROTÉGEANT CONTRE GAZ SUFFOCANTS ET ASPHYXIANTS  (titre inscrit),louis-morinet,musée de l'image,D 996.1.2185 B,refusee,,,,Gallica (BnF),le musée conserve 2 notices de ce titre : l'exemplaire visé serait indéterminé
M0537002158,APPRENTIS SOLDATS / Les ÉCLAIREURS de FRANCE 'BOY=SCOUTS' (titre inscrit),louis-morinet,musée de l'image,D 996.1.2070 B,refusee,,,,Gallica (BnF),le musée conserve 3 notices de ce titre : l'exemplaire visé serait indéterminé
M0537002150,LA 'NOUBA' MUSIQUE INDIGÈNE DES TIRAILLEURS ALGÉRIENS (titre inscrit),louis-morinet,musée de l'image,D 996.1.2062 B,refusee,,,,Gallica (BnF),le musée conserve 3 notices de ce titre : l'exemplaire visé serait indéterminé
M0537004353,LES PETITS POILUS DE LA CLASSE 1935 / (ASPECT SIMPLE) (titre inscrit),louis-morinet,musée de l'image,D 996.1.4201 B,refusee,,,,Gallica (BnF),le musée conserve 2 notices de ce titre : l'exemplaire visé serait indéterminé
M0537015574,LE DOMINO / DES ALLIÉS (titre inscrit),louis-morinet,musée de l'image,2001.3.81 B,refusee,,,,Gallica (BnF),le musée conserve 3 notices de ce titre : l'exemplaire visé serait indéterminé
M0537014792,AUTOUR D'UN POSTE DE SECOURS / AMÉRICAIN (titre inscrit),louis-morinet,musée de l'image,2002.1.16 B,refusee,,,,Gallica (BnF),le musée conserve 6 notices de ce titre : l'exemplaire visé serait indéterminé
M0537004341,LES GAZ ASPHYXIANTS (titre inscrit),louis-morinet,musée de l'image,D 996.1.4189 B,refusee,,,,Gallica (BnF),le musée conserve 3 notices de ce titre : l'exemplaire visé serait indéterminé
M0537002213,La RELÈVE ou POILUS Retour des TRANCHÉES (titre inscrit),louis-morinet,musée de l'image,D 996.1.2125 B,refusee,,,,Gallica (BnF),le musée conserve 2 notices de ce titre : l'exemplaire visé serait indéterminé
M0537002451,"- GUERRE DE 1914 - CONTINGENTS HINDOUS / qui ont pris part, dans les Corps Anglais, aux combats du Nord (titre inscrit)",louis-morinet,musée de l'image,D 996.1.2363 B,refusee,,,,Gallica (BnF),le musée conserve 3 notices de ce titre : l'exemplaire visé serait indéterminé
M0537004336,LE KRONPRINZ / LE PANTIN / BOCHE (titre inscrit),louis-morinet,musée de l'image,D 996.1.4184 B,refusee,,,,Gallica (BnF),le musée conserve 4 notices de ce titre : l'exemplaire visé serait indéterminé
M0537004496,LE CARROUSEL DES PETITS ALLIÉS (titre inscrit),louis-morinet,musée de l'image,D 996.1.4349 B,refusee,,,,Gallica (BnF),le musée conserve 3 notices de ce titre : l'exemplaire visé serait indéterminé
M0537004516,Le POILU-TYPE (titre inscrit),louis-morinet,musée de l'image,D 996.1.4369 B,refusee,,,,Gallica (BnF),le musée conserve 2 notices de ce titre : l'exemplaire visé serait indéterminé
M0537004348,POUPÉES à HABILLER / - COSTUMES DES ALLIÉS de la GRANDE GUERRE -. (titre inscrit),louis-morinet,musée de l'image,D 996.1.4196 B,refusee,,,,Gallica (BnF),le musée conserve 3 notices de ce titre : l'exemplaire visé serait indéterminé
M0537004505,La 5me Arme : PARC D'AVIATION (titre inscrit),louis-morinet,musée de l'image,D 996.1.4358 B,introuvable,,,,Gallica (BnF),aucune notice Gallica pour ce titre
M0537007768,TABLEAUX HUMORISTIQUES / à animer à l'aide des doigts (titre inscrit),louis-morinet,musée de l'image,D 996.1.7658 B,refusee,,,,Gallica (BnF),le musée conserve 3 notices de ce titre : l'exemplaire visé serait indéterminé
M0537004355,PRÉPARATION MILITAIRE Les Eclaireurs de France / 'BOY-SCOUTS' (titre inscrit),louis-morinet,musée de l'image,D 996.1.4203 B,refusee,,,,Gallica (BnF),le musée conserve 3 notices de ce titre : l'exemplaire visé serait indéterminé
M0537004328,LA MAISON DU PASSEUR / MODESTE DEMEURE / DÉSORMAIS CÉLÈBRE (titre inscrit),louis-morinet,musée de l'image,D 996.1.4176 B,refusee,,,,Gallica (BnF),le musée conserve 3 notices de ce titre : l'exemplaire visé serait indéterminé
M0537004352,CAMBRIOLAGE MILITAIRE / LES DÉMÉNAGEURS (ASPECT SIMPLE) (titre inscrit),louis-morinet,musée de l'image,D 996.1.4200 B,refusee,,,,Gallica (BnF),le musée conserve 2 notices de ce titre : l'exemplaire visé serait indéterminé
M0537004501,SON VIEUX BON DIEU EN 5 PERSONNES / A BASCULE ou plutôt à ... BOUSCULE ! ... Ainsi soit-il ! (titre inscrit),louis-morinet,musée de l'image,D 996.1.4354 B,refusee,,,,Gallica (BnF),le musée conserve 2 notices de ce titre : l'exemplaire visé serait indéterminé
M0537004344,A L'ÉTAT-MAJOR DU GÉNÉRAL JOFFRE (titre inscrit),louis-morinet,musée de l'image,D 996.1.4192 B,refusee,,,,Gallica (BnF),le musée conserve 2 notices de ce titre : l'exemplaire visé serait indéterminé
M0537004357,LES 'PÉPÈRES' EN PERMISSION (titre inscrit),louis-morinet,musée de l'image,D 996.1.4205 B,refusee,,,,Gallica (BnF),le musée conserve 3 notices de ce titre : l'exemplaire visé serait indéterminé
M0537004495,LE CARROUSEL DES PETITS ALLIÉS (titre inscrit),louis-morinet,musée de l'image,D 996.1.4348 B,refusee,,,,Gallica (BnF),le musée conserve 3 notices de ce titre : l'exemplaire visé serait indéterminé
M0537004503,VERS LA VICTOIRE / EN AVANT ... EN AVANT !!! (titre inscrit),louis-morinet,musée de l'image,D 996.1.4356 B,refusee,,,,Gallica (BnF),le musée conserve 2 notices de ce titre : l'exemplaire visé serait indéterminé
M0537004346,BARAQUEMENTS ANGLAIS / A L'ARRIÈRE DU FRONT (titre inscrit),louis-morinet,musée de l'image,D 996.1.4194 B,refusee,,,,Gallica (BnF),le musée conserve 2 notices de ce titre : l'exemplaire visé serait indéterminé
M0537004506,PRÉPARATION MILITAIRE LES ÉCLAIREURS DE FRANCE / 'BOY-SCOUTS' (titre inscrit),louis-morinet,musée de l'image,D 996.1.4359 B,refusee,,,,Gallica (BnF),le musée conserve 3 notices de ce titre : l'exemplaire visé serait indéterminé
M0537017526,LE KRONPRINZ / LE PANTIN / BOCHE (titre inscrit),louis-morinet,musée de l'image,990.1.1056 B ; V / 158,refusee,,,,Gallica (BnF),le musée conserve 4 notices de ce titre : l'exemplaire visé serait indéterminé
M0537014975,LES AMÉRICAINS EN FRANCE / UN CAMP D'INSTRUCTION (titre inscrit),louis-morinet,musée de l'image,2002.14.27 B,introuvable,,,,Gallica (BnF),aucune notice Gallica pour ce titre
M0537004499,UNE AMBULANCE SUR LE FRONT (titre inscrit),louis-morinet,musée de l'image,D 996.1.4352 B,refusee,,,,Gallica (BnF),le musée conserve 2 notices de ce titre : l'exemplaire visé serait indéterminé
M0537004340,LES GAZ ASPHYXIANTS (titre inscrit),louis-morinet,musée de l'image,D 996.1.4188 B,refusee,,,,Gallica (BnF),le musée conserve 3 notices de ce titre : l'exemplaire visé serait indéterminé
M0537004356,POILUS RETOUR DES TRANCHÉES (titre inscrit),louis-morinet,musée de l'image,D 996.1.4204 B,introuvable,,,,Gallica (BnF),aucune notice Gallica pour ce titre
M0537004509,LE BOUQUET NATIONAL / Les Costumes de Melle Lili (titre inscrit),louis-morinet,musée de l'image,D 996.1.4362 B,refusee,,,,Gallica (BnF),le musée conserve 3 notices de ce titre : l'exemplaire visé serait indéterminé
M0537004507,NOS BRAVES FUSILIERS MARINS en Belgique (titre inscrit),louis-morinet,musée de l'image,D 996.1.4360 B,introuvable,,,,Gallica (BnF),aucune notice Gallica pour ce titre
M0537016774,INFANTERIE / AMÉRICAINE DANS UN / CAMP D'INSTRUCTION (titre inscrit),louis-morinet,musée de l'image,2005.8.10 B,refusee,,,,Gallica (BnF),le musée conserve 3 notices de ce titre : l'exemplaire visé serait indéterminé
M0537004333,LE  DÉLASSEMENT DES TRANCHÉES / ET LE DIVERTISSEMENT DES PETITS POILUS DES / DEUX SEXES / CARTES & TRANSFORMATIONS / faites pour exécuter un tour de prestidigitation (titre inscrit),louis-morinet,musée de l'image,D 996.1.4181 B,refusee,,,,Gallica (BnF),le musée conserve 2 notices de ce titre : l'exemplaire visé serait indéterminé
M0537003989,La GARDE du DRAPEAU (titre inscrit),louis-morinet,musée de l'image,D 996.1.3824 B,refusee,,,,Gallica (BnF),le musée conserve 2 notices de ce titre : l'exemplaire visé serait indéterminé
M0537017525,LES MARIONNETTES / DU PANTIN (titre inscrit),louis-morinet,musée de l'image,990.1.1055 B ; V / 157,refusee,,,,Gallica (BnF),le musée conserve 3 notices de ce titre : l'exemplaire visé serait indéterminé
M0537004508,TÊTES DE BOCHES (titre inscrit),louis-morinet,musée de l'image,D 996.1.4361 B,refusee,,,,Gallica (BnF),le musée conserve 2 notices de ce titre : l'exemplaire visé serait indéterminé
M0537004504,L'HÉROIQUE PEUPLE SERBE / défendant pied à pied le sol national. (titre inscrit),louis-morinet,musée de l'image,D 996.1.4357 B,introuvable,,,,Gallica (BnF),aucune notice Gallica pour ce titre
M0537004327,MESSE CÉLÉBRÉE SUR LE FRONT (titre inscrit),louis-morinet,musée de l'image,D 996.1.4175 B,refusee,,,,Gallica (BnF),le musée conserve 2 notices de ce titre : l'exemplaire visé serait indéterminé
M0537004497,UNE ATTAQUE A LA BAïONNETTE (titre inscrit),louis-morinet,musée de l'image,D 996.1.4350 B,refusee,,,,Gallica (BnF),le musée conserve 2 notices de ce titre : l'exemplaire visé serait indéterminé
M0537004345,LA MORT DU CLAIRON (titre inscrit),louis-morinet,musée de l'image,D 996.1.4193 B,refusee,,,,Gallica (BnF),le titre ne se retrouve pas dans la notice Gallica
M0537004337,LE KRONPRINZ / LE PANTIN / BOCHE (titre inscrit),louis-morinet,musée de l'image,D 996.1.4185 B,refusee,,,,Gallica (BnF),le musée conserve 4 notices de ce titre : l'exemplaire visé serait indéterminé
M0537004493,UNE REVUE SUR LE FRONT OÙ LE GÉNÉRAL JOFFRE REMET DES DÉCORATIONS / DEVANT LE PRÉSIDENT DE LA RÉPUBLIQUE ET LE MINISTRE DE LA GUERRE (titre inscrit),louis-morinet,musée de l'image,D 996.1.4346 B,refusee,,,,Gallica (BnF),le musée conserve 2 notices de ce titre : l'exemplaire visé serait indéterminé
M0537004334,LES MARIONNETTES / DU PANTIN (titre inscrit),louis-morinet,musée de l'image,D 996.1.4182 B,refusee,,,,Gallica (BnF),le musée conserve 3 notices de ce titre : l'exemplaire visé serait indéterminé
M0537004502,VERS LA VICTOIRE / EN AVANT ... EN AVANT !!! (titre inscrit),louis-morinet,musée de l'image,D 996.1.4355 B,refusee,,,,Gallica (BnF),le musée conserve 2 notices de ce titre : l'exemplaire visé serait indéterminé
M0537004330,UN CAMP HINDOU (titre inscrit),louis-morinet,musée de l'image,D 996.1.4178 B,refusee,,,,Gallica (BnF),le musée conserve 2 notices de ce titre : l'exemplaire visé serait indéterminé
M0537004498,NOS POILUS DANS LA FORÊT D'ARGONNE (titre inscrit),louis-morinet,musée de l'image,D 996.1.4351 B,refusee,,,,Gallica (BnF),le musée conserve 2 notices de ce titre : l'exemplaire visé serait indéterminé
M0537004338,KAMERAD ! (titre inscrit),louis-morinet,musée de l'image,D 996.1.4186 B,refusee,,,,Gallica (BnF),le musée conserve 2 notices de ce titre : l'exemplaire visé serait indéterminé
M0537004335,LES MARIONNETTES / DU PANTIN (titre inscrit),louis-morinet,musée de l'image,D 996.1.4183 B,refusee,,,,Gallica (BnF),le musée conserve 3 notices de ce titre : l'exemplaire visé serait indéterminé
M0537004332,LE  DÉLASSEMENT DES TRANCHÉES / ET LE DIVERTISSEMENT DES PETITS POILUS DES / DEUX SEXES / CARTES & TRANSFORMATIONS / faites pour exécuter un tour de prestidigitation (titre inscrit),louis-morinet,musée de l'image,D 996.1.4180 B,refusee,,,,Gallica (BnF),le musée conserve 2 notices de ce titre : l'exemplaire visé serait indéterminé
M0537031930,Les 'PEPERES' ... En PERMISSION (titre inscrit),louis-morinet,musée de l'image,2010.5.212 B,refusee,,,,Gallica (BnF),le musée conserve 3 notices de ce titre : l'exemplaire visé serait indéterminé
M0537004331,TABLEAUX HUMORISTIQUES / à animer à l'aide des doigts (titre inscrit),louis-morinet,musée de l'image,D 996.1.4179 B,refusee,,,,Gallica (BnF),le musée conserve 3 notices de ce titre : l'exemplaire visé serait indéterminé
M0537029880,APPRENTIS SOLDATS / Les ÉCLAIREURS de FRANCE 'BOY=SCOUTS' (titre inscrit),louis-morinet,musée de l'image,2010.5.117 B,refusee,,,,Gallica (BnF),le musée conserve 3 notices de ce titre : l'exemplaire visé serait indéterminé
M0537004500,UNE SALLE D'AMBULANCE / DE LA CROIX-ROUGE : (titre inscrit),louis-morinet,musée de l'image,D 996.1.4353 B,refusee,,,,Gallica (BnF),le musée conserve 3 notices de ce titre : l'exemplaire visé serait indéterminé
M0537004354,CHARGE DE COSAQUES / TERREUR DES BOCHES / ASPECT SIMPLE (titre inscrit),louis-morinet,musée de l'image,D 996.1.4202 B,refusee,,,,Gallica (BnF),le musée conserve 2 notices de ce titre : l'exemplaire visé serait indéterminé
M0537029854,LA 'NOUBA' MUSIQUE INDIGÈNE DES TIRAILLEURS ALGÉRIENS (titre inscrit),louis-morinet,musée de l'image,2010.5.95 B,refusee,,,,Gallica (BnF),le musée conserve 3 notices de ce titre : l'exemplaire visé serait indéterminé
M0537004412,GRAINES DE POILUS (titre inscrit),louis-morinet,musée de l'image,D 996.1.4260 B,refusee,,,,Gallica (BnF),le musée conserve 2 notices de ce titre : l'exemplaire visé serait indéterminé
M0537014793,POUPÉES à HABILLER / - COSTUMES DES ALLIÉS de la GRANDE GUERRE -. (titre inscrit),louis-morinet,musée de l'image,2002.1.17 B,refusee,,,,Gallica (BnF),le musée conserve 3 notices de ce titre : l'exemplaire visé serait indéterminé
M0537004329,LA MAISON DU PASSEUR / MODESTE DEMEURE / DÉSORMAIS CÉLÈBRE (titre inscrit),louis-morinet,musée de l'image,D 996.1.4177 B,refusee,,,,Gallica (BnF),le musée conserve 3 notices de ce titre : l'exemplaire visé serait indéterminé
M0537038764,AUTOUR D'UN POSTE DE SECOURS / AMÉRICAIN (titre inscrit),louis-morinet,musée de l'image,2010.5.5258 B,refusee,,,,Gallica (BnF),le musée conserve 6 notices de ce titre : l'exemplaire visé serait indéterminé
M0537022523,INFANTERIE FRANÇAISE / EN AVANT ! ... CHARGEZ !(titre inscrit),louis-morinet,musée de l'image,2006.16.29 B,refusee,,,,Gallica (BnF),le musée conserve 3 notices de ce titre : l'exemplaire visé serait indéterminé
M0537038763,INFANTERIE / AMÉRICAINE DANS UN / CAMP D'INSTRUCTION (titre inscrit),louis-morinet,musée de l'image,2010.5.5257 B,refusee,,,,Gallica (BnF),le musée conserve 3 notices de ce titre : l'exemplaire visé serait indéterminé
M0537031926,INFANTERIE FRANÇAISE EN AVANT ! ... CHARGEZ !(titre inscrit),louis-morinet,musée de l'image,2010.5.208 B,refusee,,,,Gallica (BnF),le musée conserve 3 notices de ce titre : l'exemplaire visé serait indéterminé
M0537026780,JEU DE MARELLE FRANCO - BRITANNIQUE N° 1709 (titre inscrit),louis-morinet,musée de l'image,990.1.842 B ; VI / 320,refusee,,,,Gallica (BnF),le musée conserve 3 notices de ce titre : l'exemplaire visé serait indéterminé
M0537029853,LA 'NOUBA' MUSIQUE INDIGÈNE DES TIRAILLEURS ALGÉRIENS (titre inscrit),louis-morinet,musée de l'image,2010.5.94 B,refusee,,,,Gallica (BnF),le musée conserve 3 notices de ce titre : l'exemplaire visé serait indéterminé
M0537029813,LA GARDE DU DRAPEAU (titre inscrit),louis-morinet,musée de l'image,2010.5.57 B,refusee,,,,Gallica (BnF),le musée conserve 2 notices de ce titre : l'exemplaire visé serait indéterminé
M0537022593,AUTOUR D'UN POSTE DE SECOURS / AMÉRICAIN (titre inscrit),louis-morinet,musée de l'image,2006.16.98 B,refusee,,,,Gallica (BnF),le musée conserve 6 notices de ce titre : l'exemplaire visé serait indéterminé
M0537028318,LE LOTO NATIONAL / 1914 - DANS LA GRANDE GUERRE - 1918 / DE GRANDS CHEFS FRANCAIS (titre inscrit),louis-morinet,musée de l'image,990.1.864 C ; IV JB / 15,refusee,,,,Gallica (BnF),le musée conserve 2 notices de ce titre : l'exemplaire visé serait indéterminé
M0537029879,APPRENTIS SOLDATS / Les ÉCLAIREURS de FRANCE 'BOY=SCOUTS' (titre inscrit),louis-morinet,musée de l'image,2010.5.116 B,refusee,,,,Gallica (BnF),le musée conserve 3 notices de ce titre : l'exemplaire visé serait indéterminé
M0537038755,ARRIVÉE DES AMÉRICAINS / EN FRANCE / HYMNE NATIONAL & ARMÉS / DES ÉTATS-UNIS (titre inscrit),louis-morinet,musée de l'image,2010.5.5254 B,refusee,,,,Gallica (BnF),le musée conserve 2 notices de ce titre : l'exemplaire visé serait indéterminé
M0537026421,"- GUERRE DE 1914 - CONTINGENTS HINDOUS / qui ont pris part, dans les Corps Anglais, aux combats du Nord (titre inscrit)",louis-morinet,musée de l'image,2008.21.314 B,refusee,,,,Gallica (BnF),le musée conserve 3 notices de ce titre : l'exemplaire visé serait indéterminé
M0537039087,IMAGES / DE LA / GUERRE (titre inscrit),louis-morinet,musée de l'image,2010.5.5448 Alb,refusee,,,,Gallica (BnF),le titre ne se retrouve pas dans la notice Gallica
M0537039154,LE  DÉLASSEMENT DES TRANCHÉES / ET LE DIVERTISSEMENT DES PETITS POILUS DES / DEUX SEXES / CARTES À TRANSFORMATIONS / faites pour exécuter un tour de prestidigitation (titre inscrit),louis-morinet,musée de l'image,2010.5.5456 B,introuvable,,,,Gallica (BnF),aucune notice Gallica pour ce titre
M0537039195,LA MAISON DU PASSEUR (titre inscrit),louis-morinet,musée de l'image,2010.5.5496 B,refusee,,,,Gallica (BnF),l'éditeur Pellerin n'est pas nommé côté Gallica ; dates incompatibles (1917 / 1797)
M0537031932,La RELÈVE ou POILUS Retour des TRANCHÉES (titre inscrit),louis-morinet,musée de l'image,2010.5.213 B,refusee,,,,Gallica (BnF),le musée conserve 2 notices de ce titre : l'exemplaire visé serait indéterminé
M0537039196,MA CANTINE / DRAPEAUX & / TENUES DE GUERRE / DE SIX DES / NATIONS ALLIÉES (titre inscrit),louis-morinet,musée de l'image,2010.5.5497 B,refusee,,,,Gallica (BnF),le musée conserve 2 notices de ce titre : l'exemplaire visé serait indéterminé
M0537032145,INFANTERIE FRANÇAISE / SE PROTÉGEANT CONTRE GAZ SUFFOCANTS ET ASPHYXIANTS (titre inscrit),louis-morinet,musée de l'image,2010.5.310 B,refusee,,,,Gallica (BnF),le musée conserve 2 notices de ce titre : l'exemplaire visé serait indéterminé
M0537039082,INFANTERIE / AMÉRICAINE DANS UN / CAMP D'INSTRUCTION (titre inscrit),louis-morinet,musée de l'image,2010.5.917 B,refusee,,,,Gallica (BnF),le musée conserve 3 notices de ce titre : l'exemplaire visé serait indéterminé
M0537039168,POUPÉES à HABILLER / - COSTUMES DES ALLIÉS de la GRANDE GUERRE - (titre inscrit),louis-morinet,musée de l'image,2010.5.5470 B,refusee,,,,Gallica (BnF),le musée conserve 3 notices de ce titre : l'exemplaire visé serait indéterminé
M0537039177,L'OISEAU DE PROIE ! (titre inscrit),louis-morinet,musée de l'image,2010.5.5479 B,refusee,,,,Gallica (BnF),le titre ne se retrouve pas dans la notice Gallica
M0537039173,CHARGE DE COSAQUES / TERREUR DES BOCHES / ASPECT SIMPLE (titre inscrit),louis-morinet,musée de l'image,2010.5.5475 B,refusee,,,,Gallica (BnF),le musée conserve 2 notices de ce titre : l'exemplaire visé serait indéterminé
M0537039179,LE DOMINO / DES ALLIÉS (titre inscrit),louis-morinet,musée de l'image,2010.5.5481 B,refusee,,,,Gallica (BnF),le musée conserve 3 notices de ce titre : l'exemplaire visé serait indéterminé
M0537039083,AUTOUR D'UN POSTE DE SECOURS / AMÉRICAIN (titre inscrit),louis-morinet,musée de l'image,2010.5.918 B,refusee,,,,Gallica (BnF),le musée conserve 6 notices de ce titre : l'exemplaire visé serait indéterminé
M0537039197,LE BOUQUET NATIONAL / Les Costumes de Melle Lili (titre inscrit),louis-morinet,musée de l'image,2010.5.5498 B,refusee,,,,Gallica (BnF),le musée conserve 3 notices de ce titre : l'exemplaire visé serait indéterminé
M0537039188,NOS POILUS DANS LA FORÊT D'ARGONNE (titre inscrit),louis-morinet,musée de l'image,2010.5.5489 B,refusee,,,,Gallica (BnF),le musée conserve 2 notices de ce titre : l'exemplaire visé serait indéterminé
M0537039149,MESSE CÉLÉBRÉE SUR LE FRONT (titre inscrit),louis-morinet,musée de l'image,2010.5.5452 B,refusee,,,,Gallica (BnF),le musée conserve 2 notices de ce titre : l'exemplaire visé serait indéterminé
M0537039163,CUISINES ROULANTES : HALTE-DÉJEUNER (titre inscrit),louis-morinet,musée de l'image,2010.5.5465 B,introuvable,,,,Gallica (BnF),aucune notice Gallica pour ce titre
M0537039148,LES ZEPPELINS SUR PARIS (titre inscrit),louis-morinet,musée de l'image,2010.5.5451 B,exacte,"Moyennes constructions. Série de guerre. N° 1, Les Zeppelins sur Paris : [estampe]",https://gallica.bnf.fr/ark:/12148/btv1b55001711j,domaine public,Gallica (BnF),"titre retrouvé dans « Moyennes constructions. Série de guerre. N° 1, Les Zeppelins sur Paris » ; éditeur Pellerin des deux côtés ; dates compatibles (1915 / 1915) ; domaine public déclaré par la BnF"
M0537039174,PRÉPARATION MILITAIRE Les Eclaireurs de France / 'BOY-SCOUTS' (titre inscrit),louis-morinet,musée de l'image,2010.5.5476 B,refusee,,,,Gallica (BnF),le musée conserve 3 notices de ce titre : l'exemplaire visé serait indéterminé
M0537039183,ITALIENS BERSAGLIERS / ET CHASSEURS ALPINS COMBATTANT DANS LE TRENTIN (titre inscrit),louis-morinet,musée de l'image,2010.5.5484 B,introuvable,,,,Gallica (BnF),aucune notice Gallica pour ce titre
M0537039085,AUTOUR D'UN POSTE DE SECOURS / AMÉRICAIN (titre inscrit),louis-morinet,musée de l'image,2010.5.920 B,refusee,,,,Gallica (BnF),le musée conserve 6 notices de ce titre : l'exemplaire visé serait indéterminé
M0537039175,CONVOI DE PRISONNIERS BOCHES (titre inscrit),louis-morinet,musée de l'image,2010.5.5477 B,introuvable,,,,Gallica (BnF),aucune notice Gallica pour ce titre
M0537039151,UN CAMP HINDOU (titre inscrit),louis-morinet,musée de l'image,2010.5.5454 B,refusee,,,,Gallica (BnF),le musée conserve 2 notices de ce titre : l'exemplaire visé serait indéterminé
M0537039189,UNE AMBULANCE SUR LE FRONT (titre inscrit),louis-morinet,musée de l'image,2010.5.5490 B,refusee,,,,Gallica (BnF),le musée conserve 2 notices de ce titre : l'exemplaire visé serait indéterminé
M0537039155,LE KRONPRINZ / LE PANTIN / BOCHE (titre inscrit),louis-morinet,musée de l'image,2010.5.5457 B,refusee,,,,Gallica (BnF),le musée conserve 4 notices de ce titre : l'exemplaire visé serait indéterminé
M0537039158,LES GAZ ASPHYXIANTS (titre inscrit),louis-morinet,musée de l'image,2010.5.5460 B,refusee,,,,Gallica (BnF),le musée conserve 3 notices de ce titre : l'exemplaire visé serait indéterminé
M0537039193,TÊTES DE BOCHES (titre inscrit),louis-morinet,musée de l'image,2010.5.5494 B,refusee,,,,Gallica (BnF),le musée conserve 2 notices de ce titre : l'exemplaire visé serait indéterminé
M0537039076,ARRIVÉE DES AMÉRICAINS / EN FRANCE / HYMNE NATIONAL & ARMES / DES ÉTATS-UNIS (titre inscrit),louis-morinet,musée de l'image,2010.5.911 B,refusee,,,,Gallica (BnF),le musée conserve 2 notices de ce titre : l'exemplaire visé serait indéterminé
M0537039191,SON VIEUX BON DIEU EN 5 PERSONNES / A BASCULE ou plutôt à ... BOUSCULE !... Ainsi soit-il ! (titre inscrit),louis-morinet,musée de l'image,2010.5.5492 B,refusee,,,,Gallica (BnF),le musée conserve 2 notices de ce titre : l'exemplaire visé serait indéterminé
M0537039176,LA GARDE-ROBE DU KAISER (titre inscrit),louis-morinet,musée de l'image,2010.5.5478 B,introuvable,,,,Gallica (BnF),aucune notice Gallica pour ce titre
M0537039237,LE LOTO NATIONAL / 1914 - DANS LA GRANDE GUERRE - 1918 / DE GRANDS CHEFS FRANÇAIS (titre inscrit),louis-morinet,musée de l'image,2010.5.5538 B,refusee,,,,Gallica (BnF),le musée conserve 2 notices de ce titre : l'exemplaire visé serait indéterminé
M0537039178,LES FRANÇAIS EN ALSACE (titre inscrit),louis-morinet,musée de l'image,2010.5.5480 B,refusee,,,,Gallica (BnF),l'éditeur Pellerin n'est pas nommé côté Gallica
M0537039182,SUR LE FRONT : Les POILUS de 1914-1915 (titre inscrit),louis-morinet,musée de l'image,2010.5.5483 B,introuvable,,,,Gallica (BnF),aucune notice Gallica pour ce titre
M0537039162,FOURS ROULANTS / BOULANGERIE MILITAIRE / SUR LE FRONT (titre inscrit),louis-morinet,musée de l'image,2010.5.5464 B,introuvable,,,,Gallica (BnF),aucune notice Gallica pour ce titre
M0537039152,TABLEAUX HUMORISTIQUES / à animer à l'aide des doigts (titre inscrit),louis-morinet,musée de l'image,2010.5.5455 B,refusee,,,,Gallica (BnF),le musée conserve 3 notices de ce titre : l'exemplaire visé serait indéterminé
M0537039186,LE CARROUSEL DES PETITS ALLIÉS (titre inscrit),louis-morinet,musée de l'image,2010.5.5487 B,refusee,,,,Gallica (BnF),le musée conserve 3 notices de ce titre : l'exemplaire visé serait indéterminé
M0537039190,UNE SALLE D'AMBULANCE / DE LA CROIX-ROUGE (titre inscrit),louis-morinet,musée de l'image,2010.5.5491 B,refusee,,,,Gallica (BnF),le musée conserve 3 notices de ce titre : l'exemplaire visé serait indéterminé
M0537039164,PETITS ENNEMIS EN ROBES COURTES / à opposer bonne contre mauvaise graine (titre inscrit),louis-morinet,musée de l'image,2010.5.5466 B,introuvable,,,,Gallica (BnF),aucune notice Gallica pour ce titre
M0537039150,LA MAISON DU PASSEUR / MODESTE DEMEURE / DÉSORMAIS CÉLÈBRE (titre inscrit),louis-morinet,musée de l'image,2010.5.5453 B,refusee,,,,Gallica (BnF),le musée conserve 3 notices de ce titre : l'exemplaire visé serait indéterminé
M0537039187,UNE ATTAQUE À LA BAÏONNETTE (titre inscrit),louis-morinet,musée de l'image,2010.5.5488 B,refusee,,,,Gallica (BnF),le musée conserve 2 notices de ce titre : l'exemplaire visé serait indéterminé
M0537039171,CAMBRIOLAGE MILITAIRE / LES DÉMÉNAGEURS (ASPECT SIMPLE) (titre inscrit),louis-morinet,musée de l'image,2010.5.5473 B,refusee,,,,Gallica (BnF),le musée conserve 2 notices de ce titre : l'exemplaire visé serait indéterminé
M0537039172,LES PETITS POILUS DE LA CLASSE 1935 (ASPECT / SIMPLE) (titre inscrit),louis-morinet,musée de l'image,2010.5.5474 B,refusee,,,,Gallica (BnF),le musée conserve 2 notices de ce titre : l'exemplaire visé serait indéterminé
M0537039192,Le POILU-TYPE (titre inscrit),louis-morinet,musée de l'image,2010.5.5493 B,refusee,,,,Gallica (BnF),le musée conserve 2 notices de ce titre : l'exemplaire visé serait indéterminé
M0537039084,AUTOUR D'UN POSTE DE SECOURS / AMÉRICAIN (titre inscrit),louis-morinet,musée de l'image,2010.5.919 B,refusee,,,,Gallica (BnF),le musée conserve 6 notices de ce titre : l'exemplaire visé serait indéterminé
M0537039156,KAMERAD ! (titre inscrit),louis-morinet,musée de l'image,2010.5.5458 B,refusee,,,,Gallica (BnF),le musée conserve 2 notices de ce titre : l'exemplaire visé serait indéterminé
M0537039161,BARAQUEMENTS ANGLAIS / A L'ARRIÈRE DU FRONT (titre inscrit),louis-morinet,musée de l'image,2010.5.5463 B,refusee,,,,Gallica (BnF),le musée conserve 2 notices de ce titre : l'exemplaire visé serait indéterminé
M0537039165,JEU DE MARELLE FRANCO - BRITANNIQUE (titre inscrit),louis-morinet,musée de l'image,2010.5.5467 B,refusee,,,,Gallica (BnF),le musée conserve 3 notices de ce titre : l'exemplaire visé serait indéterminé
M0537039236,GRAINES DE POILUS (titre inscrit),louis-morinet,musée de l'image,2010.5.5537 B,refusee,,,,Gallica (BnF),le musée conserve 2 notices de ce titre : l'exemplaire visé serait indéterminé
M0537039067,"- GUERRE DE 1914 - CONTINGENTS HINDOUS / qui ont pris part, dans les Corps Anglais, aux combats du Nord (titre inscrit)",louis-morinet,musée de l'image,2010.5.753 B,refusee,,,,Gallica (BnF),le musée conserve 3 notices de ce titre : l'exemplaire visé serait indéterminé
M0537039184,UNE REVUE SUR LE FRONT OÙ LE GÉNÉRAL JOFFRE REMET DES DÉCORATIONS / DEVANT LE PRÉSIDENT DE LA RÉPUBLIQUE ET LE MINISTRE DE LA GUERRE (titre inscrit),louis-morinet,musée de l'image,2010.5.5485 B,refusee,,,,Gallica (BnF),le musée conserve 2 notices de ce titre : l'exemplaire visé serait indéterminé
M0537039160,A L'ÉTAT-MAJOR DU GÉNÉRAL JOFFRE (titre inscrit),louis-morinet,musée de l'image,2010.5.5462 B,refusee,,,,Gallica (BnF),le musée conserve 2 notices de ce titre : l'exemplaire visé serait indéterminé
M0537039194,OMBRES HUMORISTIQUES ANIMÉES (titre inscrit),louis-morinet,musée de l'image,2010.5.5495 B,introuvable,,,,Gallica (BnF),aucune notice Gallica pour ce titre
M0537004358,- INFANTERIE FRANCAISE A LA REVUE - (titre inscrit),louis-morinet,musée de l'image,D 996.1.4206 B,exacte,"Imagerie d'Epinal. N° 2000, Personnages à aspect complet : genre assimilé à grandes constructions. Infanterie française à la revue : [estampe]",https://gallica.bnf.fr/ark:/12148/btv1b550018489,domaine public,Gallica (BnF),"titre retrouvé dans « Imagerie d'Epinal. N° 2000, Personnages à aspect complet : genre assim » ; éditeur Pellerin des deux côtés ; dates compatibles (1902 / 1902) ; domaine public déclaré par la BnF"
M0537072640,LE BOUQUET NATIONAL / Les Costumes de Melle Lili (titre inscrit),louis-morinet,musée de l'image,2020.17.8 B,refusee,,,,Gallica (BnF),le musée conserve 3 notices de ce titre : l'exemplaire visé serait indéterminé
M0537072635,UNE SALLE D'AMBULANCE / DE LA CROIX-ROUGE : (titre inscrit),louis-morinet,musée de l'image,2020.17.3 B,refusee,,,,Gallica (BnF),le musée conserve 3 notices de ce titre : l'exemplaire visé serait indéterminé
M0537072639,MA CANTINE / DRAPEAUX & / TENUES DE GUERRE / DE SIX DES / NATIONS ALLIÉES (titre inscrit),louis-morinet,musée de l'image,2020.17.7 B,refusee,,,,Gallica (BnF),le musée conserve 2 notices de ce titre : l'exemplaire visé serait indéterminé
M0537072633,LE DOMINO / DES ALLIÉS (titre inscrit),louis-morinet,musée de l'image,2020.17.1 B,refusee,,,,Gallica (BnF),le musée conserve 3 notices de ce titre : l'exemplaire visé serait indéterminé
